-- phpMyAdmin SQL Dump
-- version 4.7.0
-- https://www.phpmyadmin.net/
--
-- Anamakine: 127.0.0.1
-- Üretim Zamanı: 29 Ara 2021, 11:07:09
-- Sunucu sürümü: 5.7.17
-- PHP Sürümü: 7.3.8

SET SQL_MODE = "NO_AUTO_VALUE_ON_ZERO";
SET AUTOCOMMIT = 0;
START TRANSACTION;
SET time_zone = "+00:00";


/*!40101 SET @OLD_CHARACTER_SET_CLIENT=@@CHARACTER_SET_CLIENT */;
/*!40101 SET @OLD_CHARACTER_SET_RESULTS=@@CHARACTER_SET_RESULTS */;
/*!40101 SET @OLD_COLLATION_CONNECTION=@@COLLATION_CONNECTION */;
/*!40101 SET NAMES utf8mb4 */;

--
-- Veritabanı: `mawa`
--
CREATE DATABASE IF NOT EXISTS `mawa` DEFAULT CHARACTER SET utf8 COLLATE utf8_general_ci;
USE `mawa`;

-- --------------------------------------------------------

--
-- Tablo için tablo yapısı `categories`
--

DROP TABLE IF EXISTS `categories`;
CREATE TABLE IF NOT EXISTS `categories` (
  `id` bigint(20) UNSIGNED NOT NULL AUTO_INCREMENT,
  `slug` varchar(30) NOT NULL,
  `name` varchar(30) NOT NULL,
  `created_at` datetime NOT NULL DEFAULT CURRENT_TIMESTAMP,
  `updated_at` datetime NOT NULL DEFAULT CURRENT_TIMESTAMP ON UPDATE CURRENT_TIMESTAMP,
  PRIMARY KEY (`id`),
  UNIQUE KEY `name` (`name`)
) ENGINE=InnoDB AUTO_INCREMENT=12 DEFAULT CHARSET=utf8;

--
-- Tablo döküm verisi `categories`
--

INSERT INTO `categories` (`id`, `slug`, `name`, `created_at`, `updated_at`) VALUES
(1, 'macera', 'Macera', '2021-12-26 23:48:59', '2021-12-29 12:21:52'),
(2, 'komedi', 'Komedi', '2021-12-26 23:48:59', '2021-12-29 11:22:36'),
(3, 'bilim-kurgu', 'Bilim-Kurgu', '2021-12-26 23:49:40', '2021-12-29 11:22:36'),
(4, 'fantastik', 'Fantastik', '2021-12-26 23:49:40', '2021-12-29 11:22:36'),
(5, 'vahsi-bati', 'Vahşi Batı', '2021-12-26 23:49:40', '2021-12-29 11:22:36'),
(6, 'dram', 'Dram', '2021-12-27 10:29:29', '2021-12-29 11:22:36'),
(7, 'romantik', 'Romantik', '2021-12-27 10:29:29', '2021-12-29 11:22:36'),
(8, 'savas', 'Savaş', '2021-12-27 10:29:29', '2021-12-29 11:22:36'),
(9, 'animasyon', 'Animasyon', '2021-12-27 10:29:29', '2021-12-29 11:22:36'),
(10, 'gerilim', 'Gerilim', '2021-12-27 10:29:29', '2021-12-29 11:22:36'),
(11, 'bos-kategori', 'Boş Kategori', '2021-12-28 11:47:42', '2021-12-29 11:22:36');

-- --------------------------------------------------------

--
-- Tablo için tablo yapısı `films`
--

DROP TABLE IF EXISTS `films`;
CREATE TABLE IF NOT EXISTS `films` (
  `id` bigint(20) UNSIGNED NOT NULL AUTO_INCREMENT,
  `slug` varchar(50) NOT NULL,
  `name` varchar(50) NOT NULL,
  `description` text NOT NULL,
  `poster_media_id` bigint(20) UNSIGNED NOT NULL,
  `cover_media_id` bigint(20) UNSIGNED NOT NULL,
  `rating` decimal(5,2) DEFAULT NULL,
  `rank` bigint(20) UNSIGNED DEFAULT NULL,
  `created_at` datetime NOT NULL DEFAULT CURRENT_TIMESTAMP,
  `updated_at` datetime NOT NULL DEFAULT CURRENT_TIMESTAMP ON UPDATE CURRENT_TIMESTAMP,
  PRIMARY KEY (`id`),
  KEY `poster_media_id` (`poster_media_id`),
  KEY `cover_media_id` (`cover_media_id`)
) ENGINE=InnoDB AUTO_INCREMENT=11 DEFAULT CHARSET=utf8;

--
-- Tablo döküm verisi `films`
--

INSERT INTO `films` (`id`, `slug`, `name`, `description`, `poster_media_id`, `cover_media_id`, `rating`, `rank`, `created_at`, `updated_at`) VALUES
(1, 'gora', 'GORA', 'Arif, Antalya’da halı ticareti yapmaktadır. En büyük zevki UFO’larla ilgili hayaller kurup bunları çevresi ile paylaşmaktır. Bir gün hayali gerçek olur ve uzaylılar tarafından kaçırılır. Komutan Logar’ın esir ettiği Arif, GORA gezegenini bir alev topundan kurtarır. Bu sayede Logar’ın düşmanlığını, Amiral’in kızı Prenses Ceku’nunsa sevgisini kazanır. Oysa Logar, Prenses Ceku ile evlenip gezegeni ele geçirmeyi planlamaktadır. Arif’in yapabileceği tek şey, kaçarken Ceku’yu da yanına almaktır.', 4, 19, '2.88', 4, '2021-12-26 22:52:04', '2021-12-29 13:05:01'),
(2, 'arog', 'AROG', 'Komutan Logar, halı tüccarı Arif\'i zamanda bir milyon yıl geriye gönderir. Burada dinozorlarla karşılaşan Arif, sakalını tıraş etmenin bir yolunu da bulur.', 1, 11, '2.93', 5, '2021-12-26 23:27:33', '2021-12-29 13:05:01'),
(3, 'yahsi-bati', 'Yahşi Batı', 'Osmanlı Padişahı’nın iki kahramanı Vahşi Batıya göndermesini konu alan filmde ’ Vahşi Batı ’ nasıl ’Yahşi Batı ’ olur hep birlikte izleyip göreceğiz.', 9, 30, '2.74', 7, '2021-12-26 23:27:33', '2021-12-29 13:05:01'),
(4, 'otomatik-portakal', 'Otomatik Portakal', 'Geleceğin Britanya\'sında gençlerden oluşan bir çete her gece savunmasız insanlara saldırmakta, dövmekte ve tecavüz etmektedirler. Gençlerden biri çeteyle zıtlaşınca onu gruptan atıp polisin yakalamasını sağlarlar. Cezasını azaltmak için kendisine bir tür beyin yıkama sayılacak bir terapi yapılmasını kabul eden Alex, dışarı çıktığında artık şiddetten nefret etmektedir ama geçmişi onu rahat bırakmaz...', 6, 21, '3.29', 10, '2021-12-27 10:22:24', '2021-12-29 13:05:01'),
(5, 'siradan-gokyuzu', 'Sıradan Gökyüzü', 'Tutku, aşk, ihanet ... Yakışıklı, varlıklı ve karizmatik David Aames rüya gibi bir hayat sürmektedir. Birgün hayatının kadınıyla karşılaştığını düşünür. Tek sorun onun, en yakın arkadaşının kız arkadaşı olmasıdır. Kısa süre sonra kız arkadaşının sebep olduğu bir araba kazasında yüzü tanınmayacak şekilde parçalanır. Hayata küsen David’in karşısına, onu eski haline döndürebileceğini söyleyen bir doktorun çıkmasıyla kendisi için hayaller ve gerçek arasında tehlikeli bir serüven başlar.', 8, 27, '3.10', 6, '2021-12-27 10:22:24', '2021-12-29 13:05:01'),
(6, 'ilkbahar-yaz-sonbahar-kis-ve-ilkbahar', 'İlkbahar, Yaz, Sonbahar, Kış... Ve İlkbahar', 'Mevsimler ve doğanın o kusursuz çağrısı, yarattığı teslimiyet arzusu belki de başka hiçbir şeyde benzeri olmayan…Yüzen bir ev ki doğaya dair ne varsa muhteşem olan onu çevrelerken o göl ortasında yüzmekte. Yaşlıca bir rahip ve kendisine refakat eden diğer genç-çocuk rahip adayı.Yaşlı rahip, ona her şeyi bilgelikle ama bir o kadar da doğal bir akış içinde öğretir. Bu şekilde geçip giden mevsimler ile büyüyen çocuğun geçirdiği evrim, son derece doğal bir ahenk içinde ilerlerken sıra artık büyümüş olan çocuğun öğrendiklerini gerçek hayata nasıl yansıtacağını görmeye gelir. Ufak yaştan beri öğretilen erdemlere rağmen asıl öğretimin hayatın kendisi tarafından yapıldığının farkında olan bilge rahip için ise bekleme ve görme zamanıdır. Gerçek bir görsel şölen olarak beyazperdeye yansıyan ve gösterildiği bütün festivallerde büyük beğeni ile karşılanan bir film.', 5, 45, '3.05', 2, '2021-12-27 10:22:24', '2021-12-29 13:05:01'),
(7, 'yedinci-muhur', 'Yedinci Mühür', 'Ortaçağ\'da Haçlı Seferleri\'nden dönen bir şövalye savaşlar sırasında hep ölümle burun buruna gelse de, hayatta kalmayı başarmıştır. Ancak tam huzura kavuşacağını düşünürken, karşısına onun hayatını almaya gelmiş olan ölüm çıkar. Ölümle pazarlığa oturan savaşçı, onu bir satranç oyununa davet eder. Yolculuğu sırasında kendisine eşlik eden ölümle bir taraftan oyun oynayan şövalye, yol boyunca çok farklı insanlara ve durumlara tanık olacaktır.', 10, 32, '2.94', 9, '2021-12-27 10:22:24', '2021-12-29 13:05:01'),
(8, 'beelejuice', 'Beetlejuice', 'The adventures of goth girl Lydia Deetz and her undead friend Beetlejuice as they explore The Neitherworld, a wacky afterlife realm inhabited by monsters, ghosts, ghouls and zombies.', 2, 13, '3.10', 8, '2021-12-27 10:22:24', '2021-12-29 13:05:01'),
(9, 'pan-in-labirenti', 'Pan\'ın Labirenti', '1944 yılı İspanya\'sında, sivil savaş kargaşası sona ermiş görünse de, Navarra\'nın kuzeyindeki dağlık bölgelerde çatışmalar sürmektedir. Kendi hayal dünyasında yaşayan 10 yaşındaki Ofelia, hamile annesi Carmen\'le birlikte, Navarra\'ya, üvey babası Kaptan Vidal\'in yanına gider. Kaptan Vidal, faşist yönetimin emrinde çalışan ve sınırları isyancılardan temizlemekle görevli bir memurdur. Sert mizacı ve otoriter tavrı nedeniyle üvey babasıyla en ufak bir yakınlık kuramayan Ofelia, bir gün arka bahçelerinde, esrarengiz bir labirent keşfeder. Bu labirentin içinde tanıştığı, gövdesinin yarısı insan yarısı yaratık olan Pan\'la yaşayacakları, Ofelia\'nın bütün yaşamını değiştirecektir.', 7, 24, '2.76', 1, '2021-12-27 10:23:24', '2021-12-29 13:05:01'),
(10, 'bilek-kesenler', 'Bilek Kesenler', 'Desiree ile yaşadığı ayrılık sonrası umutsuzluğundan kurtulamayan Zia bileklerini keserek intihar eder ve kendini sadece intihar eden insanların olduğu büyük çöllerle kaplı, sağda solda eski lastiklerin ve yanmış kanepelerin görüldüğü bir öteki dünyada bulur. Tesadüf eseri, Desiree\'nin de onun intiharından birkaç ay sonra intihar ettiğini ve şu an kendisini aramakta olduğunu öğrenir ve Desiree\'yi aramaya başlar. Eugene (kendisi elektrik ile öldüren bir Rus rockçı) ile birlikte Desiree\'yi aramak üzere arabayla yola çıkarlar, bulundukları yerin sorumlularını aramakta olan ve yanlışlıkla bu yere alındığına inanan otostopçu Mikal\'ı arabalarına alırlar. Kısa zamanda kendilerini Kneller\'in kampında bulurlar, burada yaşanan küçük mucizelerin sayısı giderek artmaktadır. Mucizeler yaratan bir kral hakkında söylentiler duyarlar. Zia Desiree\'yi bulabilecek midir? Peki ya bulduktan sonra ne olacak? Ölümün olduğu yerde umut da vardır.', 3, 16, '2.92', 3, '2021-12-27 10:25:28', '2021-12-29 13:05:01');

-- --------------------------------------------------------

--
-- Tablo için tablo yapısı `film_categories`
--

DROP TABLE IF EXISTS `film_categories`;
CREATE TABLE IF NOT EXISTS `film_categories` (
  `id` bigint(20) UNSIGNED NOT NULL AUTO_INCREMENT,
  `film_id` bigint(20) UNSIGNED NOT NULL,
  `category_id` bigint(20) UNSIGNED NOT NULL,
  PRIMARY KEY (`id`),
  UNIQUE KEY `film_id_2` (`film_id`,`category_id`),
  KEY `film_id` (`film_id`,`category_id`),
  KEY `category_id` (`category_id`)
) ENGINE=InnoDB AUTO_INCREMENT=30 DEFAULT CHARSET=utf8;

--
-- Tablo döküm verisi `film_categories`
--

INSERT INTO `film_categories` (`id`, `film_id`, `category_id`) VALUES
(1, 1, 1),
(2, 1, 2),
(3, 1, 3),
(6, 2, 2),
(4, 2, 3),
(5, 2, 4),
(9, 3, 1),
(7, 3, 2),
(8, 3, 5),
(10, 4, 3),
(11, 4, 6),
(13, 5, 3),
(14, 5, 4),
(12, 5, 7),
(15, 5, 10),
(16, 6, 6),
(17, 7, 4),
(18, 7, 6),
(22, 8, 2),
(20, 8, 3),
(21, 8, 4),
(19, 8, 9),
(23, 9, 4),
(24, 9, 6),
(25, 9, 8),
(26, 10, 2),
(28, 10, 4),
(27, 10, 6),
(29, 10, 7);

-- --------------------------------------------------------

--
-- Tablo için tablo yapısı `film_media`
--

DROP TABLE IF EXISTS `film_media`;
CREATE TABLE IF NOT EXISTS `film_media` (
  `id` bigint(20) UNSIGNED NOT NULL AUTO_INCREMENT,
  `film_id` bigint(20) UNSIGNED NOT NULL,
  `media_id` bigint(20) UNSIGNED NOT NULL,
  PRIMARY KEY (`id`),
  UNIQUE KEY `film_id_2` (`film_id`,`media_id`),
  KEY `film_id` (`film_id`,`media_id`),
  KEY `media_id` (`media_id`)
) ENGINE=InnoDB AUTO_INCREMENT=25 DEFAULT CHARSET=utf8;

--
-- Tablo döküm verisi `film_media`
--

INSERT INTO `film_media` (`id`, `film_id`, `media_id`) VALUES
(1, 1, 19),
(2, 1, 20),
(3, 2, 11),
(4, 2, 12),
(5, 3, 30),
(6, 3, 31),
(7, 4, 21),
(8, 4, 22),
(9, 4, 23),
(10, 5, 27),
(11, 5, 28),
(12, 5, 29),
(13, 6, 45),
(14, 6, 46),
(15, 6, 47),
(16, 7, 32),
(17, 7, 33),
(18, 7, 34),
(19, 9, 24),
(20, 9, 25),
(21, 9, 26),
(22, 10, 16),
(23, 10, 17),
(24, 10, 18);

-- --------------------------------------------------------

--
-- Tablo için tablo yapısı `film_ratings`
--

DROP TABLE IF EXISTS `film_ratings`;
CREATE TABLE IF NOT EXISTS `film_ratings` (
  `id` bigint(20) UNSIGNED NOT NULL AUTO_INCREMENT,
  `film_id` bigint(20) UNSIGNED NOT NULL,
  `rating` tinyint(4) NOT NULL,
  `created_at` datetime NOT NULL DEFAULT CURRENT_TIMESTAMP,
  PRIMARY KEY (`id`),
  KEY `film_id` (`film_id`)
) ENGINE=InnoDB AUTO_INCREMENT=1112 DEFAULT CHARSET=utf8;

--
-- Tablo döküm verisi `film_ratings`
--

INSERT INTO `film_ratings` (`id`, `film_id`, `rating`, `created_at`) VALUES
(1, 4, 4, '2021-12-29 12:43:47'),
(2, 9, 1, '2021-12-29 12:43:47'),
(3, 9, 2, '2021-12-29 12:43:47'),
(4, 5, 4, '2021-12-29 12:43:47'),
(5, 1, 1, '2021-12-29 12:43:47'),
(6, 2, 3, '2021-12-29 12:43:47'),
(7, 1, 3, '2021-12-29 12:43:47'),
(8, 1, 4, '2021-12-29 12:43:47'),
(9, 8, 3, '2021-12-29 12:43:47'),
(10, 8, 4, '2021-12-29 12:43:47'),
(11, 4, 4, '2021-12-29 12:43:47'),
(12, 6, 5, '2021-12-29 12:43:47'),
(13, 2, 5, '2021-12-29 12:43:47'),
(14, 2, 2, '2021-12-29 12:43:47'),
(15, 3, 5, '2021-12-29 12:43:47'),
(16, 3, 5, '2021-12-29 12:43:47'),
(17, 9, 4, '2021-12-29 12:43:47'),
(18, 4, 4, '2021-12-29 12:43:47'),
(19, 6, 2, '2021-12-29 12:43:47'),
(20, 10, 3, '2021-12-29 12:43:47'),
(21, 3, 2, '2021-12-29 12:43:47'),
(22, 2, 4, '2021-12-29 12:43:47'),
(23, 10, 2, '2021-12-29 12:43:47'),
(24, 9, 3, '2021-12-29 12:43:47'),
(25, 2, 4, '2021-12-29 12:43:47'),
(26, 7, 5, '2021-12-29 12:43:47'),
(27, 3, 1, '2021-12-29 12:43:47'),
(28, 5, 5, '2021-12-29 12:43:47'),
(29, 6, 3, '2021-12-29 12:43:47'),
(30, 2, 4, '2021-12-29 12:43:47'),
(31, 4, 5, '2021-12-29 12:43:47'),
(32, 9, 1, '2021-12-29 12:43:47'),
(33, 6, 5, '2021-12-29 12:43:47'),
(34, 4, 2, '2021-12-29 12:43:47'),
(35, 2, 1, '2021-12-29 12:43:47'),
(36, 7, 1, '2021-12-29 12:43:47'),
(37, 5, 1, '2021-12-29 12:43:47'),
(38, 7, 5, '2021-12-29 12:43:47'),
(39, 7, 2, '2021-12-29 12:43:47'),
(40, 2, 4, '2021-12-29 12:43:47'),
(41, 8, 1, '2021-12-29 12:43:47'),
(42, 2, 4, '2021-12-29 12:43:47'),
(43, 4, 5, '2021-12-29 12:43:47'),
(44, 8, 4, '2021-12-29 12:43:47'),
(45, 9, 1, '2021-12-29 12:43:47'),
(46, 10, 2, '2021-12-29 12:43:47'),
(47, 7, 5, '2021-12-29 12:43:47'),
(48, 9, 5, '2021-12-29 12:43:47'),
(49, 1, 2, '2021-12-29 12:43:47'),
(50, 7, 1, '2021-12-29 12:43:47'),
(51, 3, 5, '2021-12-29 12:43:47'),
(52, 5, 3, '2021-12-29 12:43:47'),
(53, 7, 2, '2021-12-29 12:43:47'),
(54, 7, 1, '2021-12-29 12:43:47'),
(55, 9, 3, '2021-12-29 12:43:47'),
(56, 6, 3, '2021-12-29 12:43:47'),
(57, 9, 5, '2021-12-29 12:43:47'),
(58, 2, 4, '2021-12-29 12:43:47'),
(59, 8, 1, '2021-12-29 12:43:47'),
(60, 7, 2, '2021-12-29 12:43:47'),
(61, 3, 2, '2021-12-29 12:43:47'),
(62, 3, 3, '2021-12-29 12:43:47'),
(63, 5, 5, '2021-12-29 12:43:47'),
(64, 10, 1, '2021-12-29 12:43:47'),
(65, 3, 1, '2021-12-29 12:43:47'),
(66, 7, 1, '2021-12-29 12:43:47'),
(67, 1, 2, '2021-12-29 12:43:47'),
(68, 7, 3, '2021-12-29 12:43:47'),
(69, 7, 2, '2021-12-29 12:43:47'),
(70, 5, 4, '2021-12-29 12:43:47'),
(71, 3, 1, '2021-12-29 12:43:47'),
(72, 4, 3, '2021-12-29 12:43:47'),
(73, 4, 4, '2021-12-29 12:43:47'),
(74, 9, 1, '2021-12-29 12:43:48'),
(75, 9, 1, '2021-12-29 12:43:48'),
(76, 3, 5, '2021-12-29 12:43:48'),
(77, 8, 1, '2021-12-29 12:43:48'),
(78, 5, 4, '2021-12-29 12:43:48'),
(79, 7, 4, '2021-12-29 12:43:48'),
(80, 7, 3, '2021-12-29 12:43:48'),
(81, 6, 5, '2021-12-29 12:43:48'),
(82, 8, 5, '2021-12-29 12:43:48'),
(83, 8, 2, '2021-12-29 12:43:48'),
(84, 6, 3, '2021-12-29 12:43:48'),
(85, 4, 5, '2021-12-29 12:43:48'),
(86, 9, 4, '2021-12-29 12:43:48'),
(87, 8, 1, '2021-12-29 12:43:48'),
(88, 7, 5, '2021-12-29 12:43:48'),
(89, 10, 1, '2021-12-29 12:43:48'),
(90, 2, 1, '2021-12-29 12:43:48'),
(91, 10, 2, '2021-12-29 12:43:48'),
(92, 7, 2, '2021-12-29 12:43:48'),
(93, 7, 3, '2021-12-29 12:43:48'),
(94, 1, 3, '2021-12-29 12:43:48'),
(95, 3, 2, '2021-12-29 12:43:48'),
(96, 7, 3, '2021-12-29 12:43:48'),
(97, 3, 2, '2021-12-29 12:43:48'),
(98, 10, 5, '2021-12-29 12:43:48'),
(99, 5, 1, '2021-12-29 12:43:48'),
(100, 4, 2, '2021-12-29 12:43:48'),
(101, 1, 5, '2021-12-29 12:43:48'),
(102, 7, 5, '2021-12-29 12:56:24'),
(103, 2, 4, '2021-12-29 12:56:24'),
(104, 7, 1, '2021-12-29 12:56:24'),
(105, 6, 5, '2021-12-29 12:56:24'),
(106, 10, 5, '2021-12-29 12:56:24'),
(107, 3, 2, '2021-12-29 12:56:24'),
(108, 9, 5, '2021-12-29 12:56:24'),
(109, 2, 1, '2021-12-29 12:56:24'),
(110, 7, 3, '2021-12-29 12:56:24'),
(111, 8, 4, '2021-12-29 12:56:24'),
(112, 9, 2, '2021-12-29 12:56:24'),
(113, 1, 1, '2021-12-29 12:56:24'),
(114, 9, 3, '2021-12-29 12:56:24'),
(115, 2, 3, '2021-12-29 12:56:24'),
(116, 6, 4, '2021-12-29 12:56:24'),
(117, 7, 3, '2021-12-29 12:56:24'),
(118, 2, 2, '2021-12-29 12:56:24'),
(119, 1, 1, '2021-12-29 12:56:24'),
(120, 10, 4, '2021-12-29 12:56:24'),
(121, 2, 4, '2021-12-29 12:56:24'),
(122, 4, 4, '2021-12-29 12:56:24'),
(123, 4, 2, '2021-12-29 12:56:24'),
(124, 2, 1, '2021-12-29 12:56:24'),
(125, 10, 1, '2021-12-29 12:56:24'),
(126, 7, 2, '2021-12-29 12:56:24'),
(127, 7, 5, '2021-12-29 12:56:24'),
(128, 3, 5, '2021-12-29 12:56:24'),
(129, 1, 2, '2021-12-29 12:56:24'),
(130, 5, 4, '2021-12-29 12:56:24'),
(131, 5, 3, '2021-12-29 12:56:24'),
(132, 2, 5, '2021-12-29 12:56:24'),
(133, 1, 1, '2021-12-29 12:56:24'),
(134, 2, 5, '2021-12-29 12:56:24'),
(135, 7, 2, '2021-12-29 12:56:24'),
(136, 9, 3, '2021-12-29 12:56:24'),
(137, 1, 4, '2021-12-29 12:56:24'),
(138, 5, 2, '2021-12-29 12:56:24'),
(139, 6, 4, '2021-12-29 12:56:24'),
(140, 5, 5, '2021-12-29 12:56:24'),
(141, 3, 3, '2021-12-29 12:56:24'),
(142, 9, 5, '2021-12-29 12:56:24'),
(143, 6, 4, '2021-12-29 12:56:24'),
(144, 10, 1, '2021-12-29 12:56:24'),
(145, 2, 1, '2021-12-29 12:56:24'),
(146, 9, 3, '2021-12-29 12:56:24'),
(147, 7, 1, '2021-12-29 12:56:24'),
(148, 7, 4, '2021-12-29 12:56:24'),
(149, 6, 4, '2021-12-29 12:56:24'),
(150, 1, 1, '2021-12-29 12:56:24'),
(151, 5, 1, '2021-12-29 12:56:24'),
(152, 8, 1, '2021-12-29 12:56:24'),
(153, 7, 4, '2021-12-29 12:56:24'),
(154, 5, 2, '2021-12-29 12:56:24'),
(155, 1, 2, '2021-12-29 12:56:24'),
(156, 2, 4, '2021-12-29 12:56:24'),
(157, 10, 2, '2021-12-29 12:56:24'),
(158, 6, 1, '2021-12-29 12:56:24'),
(159, 5, 2, '2021-12-29 12:56:24'),
(160, 7, 4, '2021-12-29 12:56:24'),
(161, 5, 4, '2021-12-29 12:56:24'),
(162, 1, 2, '2021-12-29 12:56:24'),
(163, 5, 5, '2021-12-29 12:56:24'),
(164, 4, 3, '2021-12-29 12:56:24'),
(165, 2, 3, '2021-12-29 12:56:24'),
(166, 6, 2, '2021-12-29 12:56:24'),
(167, 9, 2, '2021-12-29 12:56:24'),
(168, 3, 2, '2021-12-29 12:56:24'),
(169, 6, 3, '2021-12-29 12:56:24'),
(170, 7, 3, '2021-12-29 12:56:24'),
(171, 4, 1, '2021-12-29 12:56:24'),
(172, 3, 5, '2021-12-29 12:56:24'),
(173, 1, 3, '2021-12-29 12:56:24'),
(174, 6, 3, '2021-12-29 12:56:24'),
(175, 2, 1, '2021-12-29 12:56:24'),
(176, 9, 3, '2021-12-29 12:56:24'),
(177, 6, 4, '2021-12-29 12:56:24'),
(178, 5, 2, '2021-12-29 12:56:24'),
(179, 9, 2, '2021-12-29 12:56:24'),
(180, 9, 1, '2021-12-29 12:56:24'),
(181, 2, 5, '2021-12-29 12:56:24'),
(182, 4, 1, '2021-12-29 12:56:24'),
(183, 3, 1, '2021-12-29 12:56:24'),
(184, 8, 2, '2021-12-29 12:56:24'),
(185, 3, 2, '2021-12-29 12:56:24'),
(186, 3, 3, '2021-12-29 12:56:24'),
(187, 10, 2, '2021-12-29 12:56:24'),
(188, 8, 5, '2021-12-29 12:56:24'),
(189, 10, 4, '2021-12-29 12:56:24'),
(190, 3, 3, '2021-12-29 12:56:24'),
(191, 1, 3, '2021-12-29 12:56:24'),
(192, 2, 2, '2021-12-29 12:56:24'),
(193, 4, 4, '2021-12-29 12:56:24'),
(194, 4, 1, '2021-12-29 12:56:24'),
(195, 4, 1, '2021-12-29 12:56:24'),
(196, 8, 3, '2021-12-29 12:56:24'),
(197, 9, 5, '2021-12-29 12:56:24'),
(198, 3, 3, '2021-12-29 12:56:24'),
(199, 7, 3, '2021-12-29 12:56:24'),
(200, 9, 2, '2021-12-29 12:56:24'),
(201, 4, 4, '2021-12-29 12:56:24'),
(202, 1, 1, '2021-12-29 12:56:24'),
(203, 5, 3, '2021-12-29 12:57:01'),
(204, 5, 4, '2021-12-29 12:57:01'),
(205, 9, 4, '2021-12-29 12:57:01'),
(206, 1, 5, '2021-12-29 12:57:01'),
(207, 4, 2, '2021-12-29 12:57:01'),
(208, 10, 3, '2021-12-29 12:57:01'),
(209, 2, 4, '2021-12-29 12:57:01'),
(210, 5, 5, '2021-12-29 12:57:01'),
(211, 9, 5, '2021-12-29 12:57:01'),
(212, 8, 4, '2021-12-29 12:57:01'),
(213, 6, 5, '2021-12-29 12:57:01'),
(214, 2, 1, '2021-12-29 12:57:01'),
(215, 5, 3, '2021-12-29 12:57:01'),
(216, 2, 2, '2021-12-29 12:57:01'),
(217, 9, 1, '2021-12-29 12:57:01'),
(218, 8, 4, '2021-12-29 12:57:01'),
(219, 6, 1, '2021-12-29 12:57:01'),
(220, 8, 4, '2021-12-29 12:57:01'),
(221, 6, 4, '2021-12-29 12:57:01'),
(222, 8, 2, '2021-12-29 12:57:01'),
(223, 10, 5, '2021-12-29 12:57:01'),
(224, 8, 1, '2021-12-29 12:57:01'),
(225, 5, 5, '2021-12-29 12:57:01'),
(226, 5, 3, '2021-12-29 12:57:01'),
(227, 2, 2, '2021-12-29 12:57:01'),
(228, 2, 1, '2021-12-29 12:57:01'),
(229, 4, 2, '2021-12-29 12:57:01'),
(230, 6, 4, '2021-12-29 12:57:01'),
(231, 6, 4, '2021-12-29 12:57:01'),
(232, 3, 5, '2021-12-29 12:57:01'),
(233, 7, 4, '2021-12-29 12:57:01'),
(234, 4, 5, '2021-12-29 12:57:01'),
(235, 1, 4, '2021-12-29 12:57:01'),
(236, 3, 1, '2021-12-29 12:57:01'),
(237, 6, 1, '2021-12-29 12:57:01'),
(238, 8, 2, '2021-12-29 12:57:01'),
(239, 4, 4, '2021-12-29 12:57:01'),
(240, 5, 5, '2021-12-29 12:57:01'),
(241, 8, 4, '2021-12-29 12:57:01'),
(242, 9, 2, '2021-12-29 12:57:01'),
(243, 6, 1, '2021-12-29 12:57:01'),
(244, 10, 2, '2021-12-29 12:57:01'),
(245, 3, 2, '2021-12-29 12:57:01'),
(246, 4, 5, '2021-12-29 12:57:01'),
(247, 7, 5, '2021-12-29 12:57:01'),
(248, 8, 4, '2021-12-29 12:57:01'),
(249, 7, 4, '2021-12-29 12:57:01'),
(250, 2, 1, '2021-12-29 12:57:01'),
(251, 5, 1, '2021-12-29 12:57:01'),
(252, 10, 3, '2021-12-29 12:57:01'),
(253, 6, 4, '2021-12-29 12:57:01'),
(254, 6, 1, '2021-12-29 12:57:01'),
(255, 10, 1, '2021-12-29 12:57:01'),
(256, 5, 2, '2021-12-29 12:57:01'),
(257, 5, 4, '2021-12-29 12:57:01'),
(258, 5, 3, '2021-12-29 12:57:01'),
(259, 7, 5, '2021-12-29 12:57:01'),
(260, 10, 2, '2021-12-29 12:57:01'),
(261, 10, 2, '2021-12-29 12:57:01'),
(262, 2, 2, '2021-12-29 12:57:01'),
(263, 10, 3, '2021-12-29 12:57:01'),
(264, 6, 2, '2021-12-29 12:57:01'),
(265, 4, 5, '2021-12-29 12:57:01'),
(266, 9, 1, '2021-12-29 12:57:01'),
(267, 1, 4, '2021-12-29 12:57:01'),
(268, 3, 3, '2021-12-29 12:57:01'),
(269, 5, 3, '2021-12-29 12:57:01'),
(270, 8, 5, '2021-12-29 12:57:01'),
(271, 5, 5, '2021-12-29 12:57:01'),
(272, 7, 1, '2021-12-29 12:57:01'),
(273, 8, 3, '2021-12-29 12:57:01'),
(274, 1, 4, '2021-12-29 12:57:01'),
(275, 4, 5, '2021-12-29 12:57:01'),
(276, 1, 2, '2021-12-29 12:57:01'),
(277, 6, 2, '2021-12-29 12:57:01'),
(278, 2, 4, '2021-12-29 12:57:01'),
(279, 9, 1, '2021-12-29 12:57:01'),
(280, 5, 1, '2021-12-29 12:57:01'),
(281, 7, 1, '2021-12-29 12:57:01'),
(282, 9, 1, '2021-12-29 12:57:01'),
(283, 2, 1, '2021-12-29 12:57:01'),
(284, 3, 5, '2021-12-29 12:57:01'),
(285, 9, 5, '2021-12-29 12:57:01'),
(286, 6, 1, '2021-12-29 12:57:01'),
(287, 4, 2, '2021-12-29 12:57:01'),
(288, 1, 2, '2021-12-29 12:57:01'),
(289, 3, 4, '2021-12-29 12:57:01'),
(290, 1, 3, '2021-12-29 12:57:01'),
(291, 2, 2, '2021-12-29 12:57:01'),
(292, 4, 4, '2021-12-29 12:57:01'),
(293, 7, 2, '2021-12-29 12:57:01'),
(294, 6, 2, '2021-12-29 12:57:01'),
(295, 5, 3, '2021-12-29 12:57:01'),
(296, 7, 3, '2021-12-29 12:57:02'),
(297, 3, 1, '2021-12-29 12:57:02'),
(298, 7, 2, '2021-12-29 12:57:02'),
(299, 4, 3, '2021-12-29 12:57:02'),
(300, 7, 3, '2021-12-29 12:57:02'),
(301, 3, 5, '2021-12-29 12:57:02'),
(302, 10, 4, '2021-12-29 12:57:02'),
(303, 9, 5, '2021-12-29 12:57:02'),
(304, 7, 1, '2021-12-29 12:58:01'),
(305, 3, 2, '2021-12-29 12:58:01'),
(306, 2, 1, '2021-12-29 12:58:01'),
(307, 7, 4, '2021-12-29 12:58:01'),
(308, 9, 2, '2021-12-29 12:58:01'),
(309, 6, 4, '2021-12-29 12:58:01'),
(310, 9, 2, '2021-12-29 12:58:01'),
(311, 4, 3, '2021-12-29 12:58:01'),
(312, 6, 2, '2021-12-29 12:58:01'),
(313, 1, 2, '2021-12-29 12:58:01'),
(314, 5, 4, '2021-12-29 12:58:01'),
(315, 4, 3, '2021-12-29 12:58:01'),
(316, 1, 1, '2021-12-29 12:58:01'),
(317, 9, 4, '2021-12-29 12:58:01'),
(318, 10, 1, '2021-12-29 12:58:01'),
(319, 1, 3, '2021-12-29 12:58:01'),
(320, 4, 2, '2021-12-29 12:58:01'),
(321, 7, 2, '2021-12-29 12:58:01'),
(322, 7, 1, '2021-12-29 12:58:01'),
(323, 7, 3, '2021-12-29 12:58:01'),
(324, 1, 3, '2021-12-29 12:58:01'),
(325, 8, 2, '2021-12-29 12:58:01'),
(326, 3, 2, '2021-12-29 12:58:01'),
(327, 10, 3, '2021-12-29 12:58:01'),
(328, 7, 3, '2021-12-29 12:58:01'),
(329, 3, 2, '2021-12-29 12:58:01'),
(330, 5, 4, '2021-12-29 12:58:01'),
(331, 6, 3, '2021-12-29 12:58:01'),
(332, 2, 4, '2021-12-29 12:58:01'),
(333, 3, 1, '2021-12-29 12:58:01'),
(334, 2, 4, '2021-12-29 12:58:01'),
(335, 8, 3, '2021-12-29 12:58:01'),
(336, 4, 5, '2021-12-29 12:58:01'),
(337, 9, 2, '2021-12-29 12:58:01'),
(338, 9, 1, '2021-12-29 12:58:01'),
(339, 7, 5, '2021-12-29 12:58:01'),
(340, 2, 4, '2021-12-29 12:58:01'),
(341, 2, 1, '2021-12-29 12:58:01'),
(342, 1, 2, '2021-12-29 12:58:01'),
(343, 3, 1, '2021-12-29 12:58:01'),
(344, 10, 2, '2021-12-29 12:58:01'),
(345, 1, 5, '2021-12-29 12:58:01'),
(346, 6, 1, '2021-12-29 12:58:01'),
(347, 4, 5, '2021-12-29 12:58:01'),
(348, 6, 2, '2021-12-29 12:58:01'),
(349, 8, 1, '2021-12-29 12:58:01'),
(350, 1, 2, '2021-12-29 12:58:01'),
(351, 3, 1, '2021-12-29 12:58:01'),
(352, 2, 3, '2021-12-29 12:58:01'),
(353, 5, 1, '2021-12-29 12:58:01'),
(354, 4, 4, '2021-12-29 12:58:01'),
(355, 2, 5, '2021-12-29 12:58:01'),
(356, 1, 4, '2021-12-29 12:58:01'),
(357, 7, 1, '2021-12-29 12:58:01'),
(358, 5, 5, '2021-12-29 12:58:01'),
(359, 8, 5, '2021-12-29 12:58:01'),
(360, 2, 4, '2021-12-29 12:58:01'),
(361, 6, 3, '2021-12-29 12:58:01'),
(362, 9, 1, '2021-12-29 12:58:01'),
(363, 5, 5, '2021-12-29 12:58:01'),
(364, 5, 4, '2021-12-29 12:58:01'),
(365, 6, 3, '2021-12-29 12:58:01'),
(366, 10, 3, '2021-12-29 12:58:01'),
(367, 6, 3, '2021-12-29 12:58:01'),
(368, 5, 4, '2021-12-29 12:58:01'),
(369, 4, 5, '2021-12-29 12:58:01'),
(370, 7, 3, '2021-12-29 12:58:01'),
(371, 6, 5, '2021-12-29 12:58:01'),
(372, 4, 4, '2021-12-29 12:58:01'),
(373, 1, 3, '2021-12-29 12:58:01'),
(374, 4, 3, '2021-12-29 12:58:01'),
(375, 5, 1, '2021-12-29 12:58:01'),
(376, 6, 4, '2021-12-29 12:58:01'),
(377, 6, 1, '2021-12-29 12:58:01'),
(378, 6, 3, '2021-12-29 12:58:01'),
(379, 2, 5, '2021-12-29 12:58:01'),
(380, 10, 2, '2021-12-29 12:58:01'),
(381, 9, 5, '2021-12-29 12:58:01'),
(382, 2, 3, '2021-12-29 12:58:01'),
(383, 6, 2, '2021-12-29 12:58:01'),
(384, 5, 5, '2021-12-29 12:58:01'),
(385, 9, 3, '2021-12-29 12:58:01'),
(386, 6, 5, '2021-12-29 12:58:01'),
(387, 1, 5, '2021-12-29 12:58:01'),
(388, 4, 3, '2021-12-29 12:58:01'),
(389, 3, 5, '2021-12-29 12:58:01'),
(390, 8, 4, '2021-12-29 12:58:01'),
(391, 1, 1, '2021-12-29 12:58:01'),
(392, 8, 1, '2021-12-29 12:58:01'),
(393, 5, 5, '2021-12-29 12:58:01'),
(394, 1, 3, '2021-12-29 12:58:01'),
(395, 1, 3, '2021-12-29 12:58:01'),
(396, 8, 1, '2021-12-29 12:58:01'),
(397, 9, 4, '2021-12-29 12:58:01'),
(398, 7, 2, '2021-12-29 12:58:01'),
(399, 9, 2, '2021-12-29 12:58:01'),
(400, 8, 4, '2021-12-29 12:58:01'),
(401, 7, 5, '2021-12-29 12:58:01'),
(402, 5, 5, '2021-12-29 12:58:01'),
(403, 3, 1, '2021-12-29 12:58:01'),
(404, 4, 4, '2021-12-29 12:58:01'),
(405, 7, 2, '2021-12-29 12:59:01'),
(406, 3, 3, '2021-12-29 12:59:01'),
(407, 5, 4, '2021-12-29 12:59:01'),
(408, 6, 5, '2021-12-29 12:59:01'),
(409, 9, 4, '2021-12-29 12:59:01'),
(410, 9, 5, '2021-12-29 12:59:01'),
(411, 4, 5, '2021-12-29 12:59:01'),
(412, 10, 2, '2021-12-29 12:59:01'),
(413, 8, 2, '2021-12-29 12:59:01'),
(414, 3, 4, '2021-12-29 12:59:01'),
(415, 8, 4, '2021-12-29 12:59:01'),
(416, 4, 4, '2021-12-29 12:59:01'),
(417, 8, 2, '2021-12-29 12:59:01'),
(418, 8, 1, '2021-12-29 12:59:01'),
(419, 9, 3, '2021-12-29 12:59:01'),
(420, 5, 1, '2021-12-29 12:59:01'),
(421, 5, 1, '2021-12-29 12:59:01'),
(422, 10, 2, '2021-12-29 12:59:01'),
(423, 1, 1, '2021-12-29 12:59:01'),
(424, 4, 1, '2021-12-29 12:59:01'),
(425, 7, 5, '2021-12-29 12:59:01'),
(426, 9, 5, '2021-12-29 12:59:01'),
(427, 8, 3, '2021-12-29 12:59:01'),
(428, 10, 3, '2021-12-29 12:59:01'),
(429, 5, 4, '2021-12-29 12:59:01'),
(430, 1, 4, '2021-12-29 12:59:01'),
(431, 10, 2, '2021-12-29 12:59:01'),
(432, 3, 2, '2021-12-29 12:59:01'),
(433, 9, 5, '2021-12-29 12:59:01'),
(434, 5, 1, '2021-12-29 12:59:01'),
(435, 8, 3, '2021-12-29 12:59:01'),
(436, 3, 3, '2021-12-29 12:59:01'),
(437, 2, 3, '2021-12-29 12:59:01'),
(438, 7, 4, '2021-12-29 12:59:01'),
(439, 6, 1, '2021-12-29 12:59:01'),
(440, 3, 2, '2021-12-29 12:59:01'),
(441, 7, 4, '2021-12-29 12:59:01'),
(442, 4, 2, '2021-12-29 12:59:01'),
(443, 5, 4, '2021-12-29 12:59:01'),
(444, 3, 5, '2021-12-29 12:59:01'),
(445, 5, 4, '2021-12-29 12:59:01'),
(446, 7, 1, '2021-12-29 12:59:01'),
(447, 2, 4, '2021-12-29 12:59:01'),
(448, 4, 4, '2021-12-29 12:59:01'),
(449, 3, 2, '2021-12-29 12:59:01'),
(450, 5, 3, '2021-12-29 12:59:01'),
(451, 7, 1, '2021-12-29 12:59:01'),
(452, 9, 1, '2021-12-29 12:59:01'),
(453, 6, 5, '2021-12-29 12:59:01'),
(454, 6, 4, '2021-12-29 12:59:01'),
(455, 3, 2, '2021-12-29 12:59:01'),
(456, 6, 1, '2021-12-29 12:59:01'),
(457, 6, 2, '2021-12-29 12:59:01'),
(458, 5, 2, '2021-12-29 12:59:01'),
(459, 4, 1, '2021-12-29 12:59:01'),
(460, 6, 5, '2021-12-29 12:59:01'),
(461, 3, 4, '2021-12-29 12:59:01'),
(462, 7, 4, '2021-12-29 12:59:01'),
(463, 2, 2, '2021-12-29 12:59:01'),
(464, 7, 4, '2021-12-29 12:59:01'),
(465, 7, 1, '2021-12-29 12:59:01'),
(466, 6, 5, '2021-12-29 12:59:01'),
(467, 2, 2, '2021-12-29 12:59:01'),
(468, 8, 2, '2021-12-29 12:59:01'),
(469, 8, 5, '2021-12-29 12:59:01'),
(470, 1, 1, '2021-12-29 12:59:01'),
(471, 4, 3, '2021-12-29 12:59:01'),
(472, 2, 4, '2021-12-29 12:59:01'),
(473, 5, 4, '2021-12-29 12:59:01'),
(474, 10, 2, '2021-12-29 12:59:01'),
(475, 9, 5, '2021-12-29 12:59:01'),
(476, 2, 5, '2021-12-29 12:59:01'),
(477, 1, 2, '2021-12-29 12:59:01'),
(478, 1, 5, '2021-12-29 12:59:01'),
(479, 5, 4, '2021-12-29 12:59:01'),
(480, 6, 3, '2021-12-29 12:59:01'),
(481, 10, 5, '2021-12-29 12:59:01'),
(482, 1, 2, '2021-12-29 12:59:01'),
(483, 10, 4, '2021-12-29 12:59:01'),
(484, 10, 4, '2021-12-29 12:59:01'),
(485, 8, 4, '2021-12-29 12:59:01'),
(486, 3, 2, '2021-12-29 12:59:01'),
(487, 7, 3, '2021-12-29 12:59:01'),
(488, 7, 1, '2021-12-29 12:59:01'),
(489, 2, 4, '2021-12-29 12:59:01'),
(490, 3, 1, '2021-12-29 12:59:01'),
(491, 5, 1, '2021-12-29 12:59:01'),
(492, 3, 1, '2021-12-29 12:59:01'),
(493, 10, 4, '2021-12-29 12:59:01'),
(494, 8, 1, '2021-12-29 12:59:01'),
(495, 2, 3, '2021-12-29 12:59:01'),
(496, 6, 2, '2021-12-29 12:59:01'),
(497, 10, 5, '2021-12-29 12:59:01'),
(498, 6, 2, '2021-12-29 12:59:01'),
(499, 10, 1, '2021-12-29 12:59:01'),
(500, 10, 1, '2021-12-29 12:59:01'),
(501, 6, 4, '2021-12-29 12:59:01'),
(502, 2, 5, '2021-12-29 12:59:01'),
(503, 3, 3, '2021-12-29 12:59:01'),
(504, 10, 3, '2021-12-29 12:59:01'),
(505, 2, 1, '2021-12-29 12:59:01'),
(506, 9, 4, '2021-12-29 13:00:01'),
(507, 10, 2, '2021-12-29 13:00:01'),
(508, 6, 4, '2021-12-29 13:00:01'),
(509, 10, 4, '2021-12-29 13:00:01'),
(510, 10, 5, '2021-12-29 13:00:01'),
(511, 7, 2, '2021-12-29 13:00:01'),
(512, 6, 2, '2021-12-29 13:00:01'),
(513, 1, 5, '2021-12-29 13:00:01'),
(514, 4, 4, '2021-12-29 13:00:01'),
(515, 7, 5, '2021-12-29 13:00:01'),
(516, 1, 3, '2021-12-29 13:00:01'),
(517, 10, 5, '2021-12-29 13:00:01'),
(518, 8, 3, '2021-12-29 13:00:01'),
(519, 8, 1, '2021-12-29 13:00:01'),
(520, 3, 1, '2021-12-29 13:00:01'),
(521, 1, 1, '2021-12-29 13:00:01'),
(522, 1, 2, '2021-12-29 13:00:01'),
(523, 7, 4, '2021-12-29 13:00:01'),
(524, 7, 1, '2021-12-29 13:00:01'),
(525, 3, 3, '2021-12-29 13:00:01'),
(526, 7, 3, '2021-12-29 13:00:01'),
(527, 3, 4, '2021-12-29 13:00:01'),
(528, 6, 3, '2021-12-29 13:00:01'),
(529, 6, 4, '2021-12-29 13:00:01'),
(530, 4, 4, '2021-12-29 13:00:01'),
(531, 10, 3, '2021-12-29 13:00:01'),
(532, 7, 1, '2021-12-29 13:00:01'),
(533, 6, 2, '2021-12-29 13:00:01'),
(534, 5, 5, '2021-12-29 13:00:01'),
(535, 10, 2, '2021-12-29 13:00:01'),
(536, 10, 1, '2021-12-29 13:00:01'),
(537, 1, 1, '2021-12-29 13:00:01'),
(538, 1, 5, '2021-12-29 13:00:01'),
(539, 1, 3, '2021-12-29 13:00:01'),
(540, 2, 1, '2021-12-29 13:00:01'),
(541, 7, 4, '2021-12-29 13:00:01'),
(542, 7, 2, '2021-12-29 13:00:01'),
(543, 3, 1, '2021-12-29 13:00:01'),
(544, 5, 4, '2021-12-29 13:00:01'),
(545, 3, 2, '2021-12-29 13:00:01'),
(546, 5, 4, '2021-12-29 13:00:01'),
(547, 7, 1, '2021-12-29 13:00:01'),
(548, 5, 1, '2021-12-29 13:00:01'),
(549, 4, 3, '2021-12-29 13:00:01'),
(550, 4, 3, '2021-12-29 13:00:01'),
(551, 7, 5, '2021-12-29 13:00:01'),
(552, 10, 1, '2021-12-29 13:00:01'),
(553, 1, 1, '2021-12-29 13:00:01'),
(554, 5, 4, '2021-12-29 13:00:01'),
(555, 5, 5, '2021-12-29 13:00:01'),
(556, 3, 1, '2021-12-29 13:00:01'),
(557, 7, 3, '2021-12-29 13:00:01'),
(558, 6, 4, '2021-12-29 13:00:01'),
(559, 4, 4, '2021-12-29 13:00:01'),
(560, 4, 4, '2021-12-29 13:00:01'),
(561, 6, 4, '2021-12-29 13:00:01'),
(562, 2, 2, '2021-12-29 13:00:01'),
(563, 10, 3, '2021-12-29 13:00:01'),
(564, 10, 3, '2021-12-29 13:00:01'),
(565, 4, 4, '2021-12-29 13:00:01'),
(566, 2, 3, '2021-12-29 13:00:01'),
(567, 8, 1, '2021-12-29 13:00:01'),
(568, 10, 4, '2021-12-29 13:00:01'),
(569, 7, 1, '2021-12-29 13:00:01'),
(570, 2, 4, '2021-12-29 13:00:01'),
(571, 4, 4, '2021-12-29 13:00:01'),
(572, 6, 4, '2021-12-29 13:00:01'),
(573, 4, 3, '2021-12-29 13:00:01'),
(574, 6, 1, '2021-12-29 13:00:01'),
(575, 1, 5, '2021-12-29 13:00:01'),
(576, 5, 2, '2021-12-29 13:00:01'),
(577, 7, 5, '2021-12-29 13:00:01'),
(578, 5, 5, '2021-12-29 13:00:01'),
(579, 7, 3, '2021-12-29 13:00:01'),
(580, 2, 4, '2021-12-29 13:00:01'),
(581, 9, 2, '2021-12-29 13:00:01'),
(582, 1, 2, '2021-12-29 13:00:01'),
(583, 9, 3, '2021-12-29 13:00:01'),
(584, 5, 5, '2021-12-29 13:00:01'),
(585, 10, 1, '2021-12-29 13:00:01'),
(586, 5, 1, '2021-12-29 13:00:01'),
(587, 8, 5, '2021-12-29 13:00:01'),
(588, 1, 4, '2021-12-29 13:00:01'),
(589, 9, 5, '2021-12-29 13:00:01'),
(590, 6, 2, '2021-12-29 13:00:01'),
(591, 3, 5, '2021-12-29 13:00:01'),
(592, 3, 4, '2021-12-29 13:00:01'),
(593, 10, 4, '2021-12-29 13:00:01'),
(594, 2, 5, '2021-12-29 13:00:01'),
(595, 3, 5, '2021-12-29 13:00:01'),
(596, 10, 1, '2021-12-29 13:00:01'),
(597, 4, 2, '2021-12-29 13:00:01'),
(598, 5, 2, '2021-12-29 13:00:01'),
(599, 3, 1, '2021-12-29 13:00:01'),
(600, 2, 1, '2021-12-29 13:00:01'),
(601, 4, 1, '2021-12-29 13:00:01'),
(602, 9, 5, '2021-12-29 13:00:01'),
(603, 4, 3, '2021-12-29 13:00:01'),
(604, 7, 3, '2021-12-29 13:00:01'),
(605, 5, 3, '2021-12-29 13:00:01'),
(606, 7, 3, '2021-12-29 13:00:01'),
(607, 4, 3, '2021-12-29 13:01:01'),
(608, 8, 2, '2021-12-29 13:01:01'),
(609, 8, 1, '2021-12-29 13:01:01'),
(610, 8, 4, '2021-12-29 13:01:01'),
(611, 9, 2, '2021-12-29 13:01:01'),
(612, 3, 4, '2021-12-29 13:01:01'),
(613, 4, 3, '2021-12-29 13:01:01'),
(614, 5, 5, '2021-12-29 13:01:01'),
(615, 6, 4, '2021-12-29 13:01:01'),
(616, 9, 1, '2021-12-29 13:01:01'),
(617, 4, 5, '2021-12-29 13:01:01'),
(618, 4, 4, '2021-12-29 13:01:01'),
(619, 6, 2, '2021-12-29 13:01:01'),
(620, 7, 5, '2021-12-29 13:01:01'),
(621, 8, 4, '2021-12-29 13:01:01'),
(622, 3, 4, '2021-12-29 13:01:01'),
(623, 8, 4, '2021-12-29 13:01:01'),
(624, 4, 2, '2021-12-29 13:01:01'),
(625, 8, 4, '2021-12-29 13:01:01'),
(626, 9, 2, '2021-12-29 13:01:01'),
(627, 2, 1, '2021-12-29 13:01:01'),
(628, 3, 1, '2021-12-29 13:01:01'),
(629, 2, 1, '2021-12-29 13:01:01'),
(630, 2, 3, '2021-12-29 13:01:01'),
(631, 8, 4, '2021-12-29 13:01:01'),
(632, 2, 5, '2021-12-29 13:01:01'),
(633, 4, 4, '2021-12-29 13:01:01'),
(634, 10, 5, '2021-12-29 13:01:01'),
(635, 4, 1, '2021-12-29 13:01:01'),
(636, 8, 5, '2021-12-29 13:01:01'),
(637, 5, 4, '2021-12-29 13:01:01'),
(638, 3, 3, '2021-12-29 13:01:01'),
(639, 10, 5, '2021-12-29 13:01:01'),
(640, 8, 1, '2021-12-29 13:01:01'),
(641, 3, 2, '2021-12-29 13:01:01'),
(642, 3, 5, '2021-12-29 13:01:01'),
(643, 1, 3, '2021-12-29 13:01:01'),
(644, 9, 4, '2021-12-29 13:01:01'),
(645, 7, 5, '2021-12-29 13:01:01'),
(646, 6, 5, '2021-12-29 13:01:01'),
(647, 8, 1, '2021-12-29 13:01:01'),
(648, 3, 5, '2021-12-29 13:01:01'),
(649, 6, 5, '2021-12-29 13:01:01'),
(650, 2, 3, '2021-12-29 13:01:01'),
(651, 9, 3, '2021-12-29 13:01:01'),
(652, 3, 2, '2021-12-29 13:01:01'),
(653, 6, 4, '2021-12-29 13:01:01'),
(654, 2, 4, '2021-12-29 13:01:01'),
(655, 8, 5, '2021-12-29 13:01:01'),
(656, 5, 4, '2021-12-29 13:01:01'),
(657, 2, 5, '2021-12-29 13:01:01'),
(658, 3, 2, '2021-12-29 13:01:01'),
(659, 8, 3, '2021-12-29 13:01:01'),
(660, 8, 3, '2021-12-29 13:01:01'),
(661, 10, 4, '2021-12-29 13:01:01'),
(662, 8, 5, '2021-12-29 13:01:01'),
(663, 10, 1, '2021-12-29 13:01:01'),
(664, 9, 1, '2021-12-29 13:01:01'),
(665, 2, 2, '2021-12-29 13:01:01'),
(666, 9, 2, '2021-12-29 13:01:01'),
(667, 8, 1, '2021-12-29 13:01:01'),
(668, 5, 2, '2021-12-29 13:01:01'),
(669, 6, 4, '2021-12-29 13:01:01'),
(670, 1, 5, '2021-12-29 13:01:01'),
(671, 7, 3, '2021-12-29 13:01:01'),
(672, 4, 4, '2021-12-29 13:01:01'),
(673, 1, 3, '2021-12-29 13:01:01'),
(674, 6, 4, '2021-12-29 13:01:01'),
(675, 10, 4, '2021-12-29 13:01:01'),
(676, 3, 2, '2021-12-29 13:01:01'),
(677, 5, 1, '2021-12-29 13:01:01'),
(678, 6, 3, '2021-12-29 13:01:01'),
(679, 2, 5, '2021-12-29 13:01:01'),
(680, 4, 2, '2021-12-29 13:01:01'),
(681, 4, 3, '2021-12-29 13:01:01'),
(682, 8, 4, '2021-12-29 13:01:01'),
(683, 7, 1, '2021-12-29 13:01:01'),
(684, 10, 4, '2021-12-29 13:01:01'),
(685, 4, 3, '2021-12-29 13:01:01'),
(686, 5, 4, '2021-12-29 13:01:01'),
(687, 5, 1, '2021-12-29 13:01:01'),
(688, 6, 2, '2021-12-29 13:01:01'),
(689, 9, 4, '2021-12-29 13:01:01'),
(690, 5, 1, '2021-12-29 13:01:01'),
(691, 1, 4, '2021-12-29 13:01:01'),
(692, 1, 1, '2021-12-29 13:01:01'),
(693, 1, 1, '2021-12-29 13:01:01'),
(694, 10, 2, '2021-12-29 13:01:01'),
(695, 6, 2, '2021-12-29 13:01:01'),
(696, 9, 4, '2021-12-29 13:01:01'),
(697, 2, 4, '2021-12-29 13:01:01'),
(698, 5, 3, '2021-12-29 13:01:01'),
(699, 5, 5, '2021-12-29 13:01:01'),
(700, 8, 4, '2021-12-29 13:01:01'),
(701, 6, 3, '2021-12-29 13:01:01'),
(702, 5, 3, '2021-12-29 13:01:01'),
(703, 8, 1, '2021-12-29 13:01:01'),
(704, 5, 3, '2021-12-29 13:01:01'),
(705, 5, 1, '2021-12-29 13:01:01'),
(706, 4, 4, '2021-12-29 13:01:01'),
(707, 8, 5, '2021-12-29 13:01:01'),
(708, 8, 4, '2021-12-29 13:02:01'),
(709, 3, 2, '2021-12-29 13:02:01'),
(710, 7, 3, '2021-12-29 13:02:01'),
(711, 8, 1, '2021-12-29 13:02:01'),
(712, 6, 2, '2021-12-29 13:02:01'),
(713, 8, 4, '2021-12-29 13:02:01'),
(714, 7, 5, '2021-12-29 13:02:01'),
(715, 5, 3, '2021-12-29 13:02:01'),
(716, 1, 5, '2021-12-29 13:02:01'),
(717, 10, 2, '2021-12-29 13:02:01'),
(718, 6, 1, '2021-12-29 13:02:01'),
(719, 7, 2, '2021-12-29 13:02:01'),
(720, 3, 5, '2021-12-29 13:02:01'),
(721, 9, 1, '2021-12-29 13:02:01'),
(722, 1, 2, '2021-12-29 13:02:01'),
(723, 2, 4, '2021-12-29 13:02:01'),
(724, 8, 5, '2021-12-29 13:02:01'),
(725, 6, 2, '2021-12-29 13:02:01'),
(726, 1, 3, '2021-12-29 13:02:01'),
(727, 4, 3, '2021-12-29 13:02:01'),
(728, 6, 4, '2021-12-29 13:02:01'),
(729, 5, 1, '2021-12-29 13:02:01'),
(730, 7, 1, '2021-12-29 13:02:01'),
(731, 8, 4, '2021-12-29 13:02:01'),
(732, 4, 5, '2021-12-29 13:02:01'),
(733, 3, 5, '2021-12-29 13:02:01'),
(734, 3, 2, '2021-12-29 13:02:01'),
(735, 3, 4, '2021-12-29 13:02:01'),
(736, 5, 2, '2021-12-29 13:02:01'),
(737, 5, 4, '2021-12-29 13:02:01'),
(738, 10, 5, '2021-12-29 13:02:01'),
(739, 2, 1, '2021-12-29 13:02:01'),
(740, 8, 5, '2021-12-29 13:02:01'),
(741, 9, 5, '2021-12-29 13:02:01'),
(742, 7, 4, '2021-12-29 13:02:01'),
(743, 1, 5, '2021-12-29 13:02:01'),
(744, 2, 5, '2021-12-29 13:02:01'),
(745, 9, 1, '2021-12-29 13:02:01'),
(746, 5, 3, '2021-12-29 13:02:01'),
(747, 10, 5, '2021-12-29 13:02:01'),
(748, 9, 2, '2021-12-29 13:02:01'),
(749, 10, 5, '2021-12-29 13:02:01'),
(750, 10, 3, '2021-12-29 13:02:01'),
(751, 2, 3, '2021-12-29 13:02:01'),
(752, 1, 5, '2021-12-29 13:02:01'),
(753, 10, 5, '2021-12-29 13:02:01'),
(754, 7, 5, '2021-12-29 13:02:01'),
(755, 8, 4, '2021-12-29 13:02:01'),
(756, 1, 5, '2021-12-29 13:02:01'),
(757, 9, 4, '2021-12-29 13:02:01'),
(758, 7, 3, '2021-12-29 13:02:01'),
(759, 9, 4, '2021-12-29 13:02:01'),
(760, 4, 1, '2021-12-29 13:02:01'),
(761, 9, 5, '2021-12-29 13:02:01'),
(762, 5, 3, '2021-12-29 13:02:01'),
(763, 5, 2, '2021-12-29 13:02:01'),
(764, 4, 3, '2021-12-29 13:02:01'),
(765, 9, 1, '2021-12-29 13:02:01'),
(766, 5, 1, '2021-12-29 13:02:01'),
(767, 9, 1, '2021-12-29 13:02:01'),
(768, 9, 4, '2021-12-29 13:02:01'),
(769, 8, 4, '2021-12-29 13:02:01'),
(770, 9, 1, '2021-12-29 13:02:01'),
(771, 5, 2, '2021-12-29 13:02:01'),
(772, 2, 2, '2021-12-29 13:02:01'),
(773, 1, 5, '2021-12-29 13:02:01'),
(774, 8, 3, '2021-12-29 13:02:01'),
(775, 4, 5, '2021-12-29 13:02:01'),
(776, 10, 2, '2021-12-29 13:02:01'),
(777, 4, 2, '2021-12-29 13:02:01'),
(778, 3, 2, '2021-12-29 13:02:01'),
(779, 1, 1, '2021-12-29 13:02:01'),
(780, 8, 2, '2021-12-29 13:02:01'),
(781, 9, 1, '2021-12-29 13:02:01'),
(782, 5, 1, '2021-12-29 13:02:01'),
(783, 3, 5, '2021-12-29 13:02:01'),
(784, 6, 5, '2021-12-29 13:02:01'),
(785, 10, 2, '2021-12-29 13:02:01'),
(786, 9, 4, '2021-12-29 13:02:01'),
(787, 9, 3, '2021-12-29 13:02:01'),
(788, 7, 3, '2021-12-29 13:02:01'),
(789, 7, 2, '2021-12-29 13:02:01'),
(790, 3, 5, '2021-12-29 13:02:01'),
(791, 3, 3, '2021-12-29 13:02:01'),
(792, 4, 4, '2021-12-29 13:02:01'),
(793, 5, 5, '2021-12-29 13:02:01'),
(794, 4, 4, '2021-12-29 13:02:01'),
(795, 9, 1, '2021-12-29 13:02:01'),
(796, 1, 1, '2021-12-29 13:02:01'),
(797, 7, 2, '2021-12-29 13:02:01'),
(798, 9, 1, '2021-12-29 13:02:01'),
(799, 2, 3, '2021-12-29 13:02:01'),
(800, 3, 1, '2021-12-29 13:02:01'),
(801, 1, 2, '2021-12-29 13:02:01'),
(802, 8, 4, '2021-12-29 13:02:01'),
(803, 10, 4, '2021-12-29 13:02:01'),
(804, 5, 1, '2021-12-29 13:02:01'),
(805, 10, 5, '2021-12-29 13:02:01'),
(806, 2, 3, '2021-12-29 13:02:01'),
(807, 8, 2, '2021-12-29 13:02:01'),
(808, 5, 4, '2021-12-29 13:02:01'),
(809, 4, 1, '2021-12-29 13:03:01'),
(810, 6, 3, '2021-12-29 13:03:01'),
(811, 1, 4, '2021-12-29 13:03:01'),
(812, 8, 4, '2021-12-29 13:03:01'),
(813, 1, 1, '2021-12-29 13:03:01'),
(814, 8, 3, '2021-12-29 13:03:01'),
(815, 1, 5, '2021-12-29 13:03:01'),
(816, 7, 5, '2021-12-29 13:03:01'),
(817, 5, 4, '2021-12-29 13:03:01'),
(818, 7, 5, '2021-12-29 13:03:01'),
(819, 4, 5, '2021-12-29 13:03:01'),
(820, 4, 4, '2021-12-29 13:03:01'),
(821, 1, 1, '2021-12-29 13:03:01'),
(822, 3, 2, '2021-12-29 13:03:01'),
(823, 3, 1, '2021-12-29 13:03:01'),
(824, 5, 1, '2021-12-29 13:03:01'),
(825, 4, 4, '2021-12-29 13:03:01'),
(826, 7, 4, '2021-12-29 13:03:01'),
(827, 3, 1, '2021-12-29 13:03:01'),
(828, 8, 4, '2021-12-29 13:03:01'),
(829, 9, 4, '2021-12-29 13:03:01'),
(830, 2, 1, '2021-12-29 13:03:01'),
(831, 7, 4, '2021-12-29 13:03:01'),
(832, 3, 2, '2021-12-29 13:03:01'),
(833, 1, 2, '2021-12-29 13:03:01'),
(834, 9, 3, '2021-12-29 13:03:01'),
(835, 4, 3, '2021-12-29 13:03:01'),
(836, 4, 4, '2021-12-29 13:03:01'),
(837, 6, 4, '2021-12-29 13:03:01'),
(838, 9, 5, '2021-12-29 13:03:01'),
(839, 4, 4, '2021-12-29 13:03:01'),
(840, 5, 5, '2021-12-29 13:03:01'),
(841, 10, 3, '2021-12-29 13:03:01'),
(842, 1, 1, '2021-12-29 13:03:01'),
(843, 4, 2, '2021-12-29 13:03:01'),
(844, 2, 4, '2021-12-29 13:03:01'),
(845, 2, 1, '2021-12-29 13:03:01'),
(846, 8, 3, '2021-12-29 13:03:01'),
(847, 9, 4, '2021-12-29 13:03:01'),
(848, 5, 3, '2021-12-29 13:03:01'),
(849, 8, 2, '2021-12-29 13:03:01'),
(850, 1, 5, '2021-12-29 13:03:01'),
(851, 7, 3, '2021-12-29 13:03:01'),
(852, 2, 5, '2021-12-29 13:03:01'),
(853, 8, 3, '2021-12-29 13:03:01'),
(854, 2, 1, '2021-12-29 13:03:01'),
(855, 8, 3, '2021-12-29 13:03:01'),
(856, 6, 5, '2021-12-29 13:03:01'),
(857, 7, 1, '2021-12-29 13:03:01'),
(858, 9, 2, '2021-12-29 13:03:01'),
(859, 4, 3, '2021-12-29 13:03:01'),
(860, 5, 2, '2021-12-29 13:03:01'),
(861, 9, 2, '2021-12-29 13:03:01'),
(862, 5, 3, '2021-12-29 13:03:01'),
(863, 4, 5, '2021-12-29 13:03:01'),
(864, 8, 3, '2021-12-29 13:03:01'),
(865, 7, 1, '2021-12-29 13:03:01'),
(866, 9, 4, '2021-12-29 13:03:01'),
(867, 5, 1, '2021-12-29 13:03:01'),
(868, 7, 4, '2021-12-29 13:03:01'),
(869, 6, 3, '2021-12-29 13:03:01'),
(870, 1, 5, '2021-12-29 13:03:01'),
(871, 8, 2, '2021-12-29 13:03:01'),
(872, 3, 1, '2021-12-29 13:03:01'),
(873, 9, 3, '2021-12-29 13:03:01'),
(874, 7, 1, '2021-12-29 13:03:01'),
(875, 1, 2, '2021-12-29 13:03:01'),
(876, 2, 3, '2021-12-29 13:03:01'),
(877, 5, 2, '2021-12-29 13:03:01'),
(878, 4, 4, '2021-12-29 13:03:01'),
(879, 7, 1, '2021-12-29 13:03:01'),
(880, 4, 4, '2021-12-29 13:03:01'),
(881, 7, 4, '2021-12-29 13:03:01'),
(882, 5, 5, '2021-12-29 13:03:01'),
(883, 8, 3, '2021-12-29 13:03:01'),
(884, 9, 2, '2021-12-29 13:03:01'),
(885, 4, 2, '2021-12-29 13:03:01'),
(886, 5, 5, '2021-12-29 13:03:01'),
(887, 7, 4, '2021-12-29 13:03:01'),
(888, 10, 1, '2021-12-29 13:03:01'),
(889, 2, 4, '2021-12-29 13:03:01'),
(890, 6, 3, '2021-12-29 13:03:01'),
(891, 1, 3, '2021-12-29 13:03:01'),
(892, 9, 1, '2021-12-29 13:03:01'),
(893, 3, 4, '2021-12-29 13:03:01'),
(894, 8, 3, '2021-12-29 13:03:01'),
(895, 3, 2, '2021-12-29 13:03:01'),
(896, 1, 5, '2021-12-29 13:03:01'),
(897, 5, 1, '2021-12-29 13:03:01'),
(898, 8, 5, '2021-12-29 13:03:01'),
(899, 6, 5, '2021-12-29 13:03:01'),
(900, 1, 4, '2021-12-29 13:03:01'),
(901, 8, 5, '2021-12-29 13:03:01'),
(902, 1, 5, '2021-12-29 13:03:01'),
(903, 9, 1, '2021-12-29 13:03:01'),
(904, 5, 5, '2021-12-29 13:03:01'),
(905, 5, 1, '2021-12-29 13:03:01'),
(906, 7, 3, '2021-12-29 13:03:01'),
(907, 7, 4, '2021-12-29 13:03:01'),
(908, 6, 2, '2021-12-29 13:03:01'),
(909, 5, 2, '2021-12-29 13:03:01'),
(910, 7, 1, '2021-12-29 13:04:01'),
(911, 4, 3, '2021-12-29 13:04:01'),
(912, 3, 2, '2021-12-29 13:04:01'),
(913, 3, 5, '2021-12-29 13:04:01'),
(914, 5, 4, '2021-12-29 13:04:01'),
(915, 1, 3, '2021-12-29 13:04:01'),
(916, 7, 1, '2021-12-29 13:04:01'),
(917, 2, 1, '2021-12-29 13:04:01'),
(918, 4, 1, '2021-12-29 13:04:01'),
(919, 4, 2, '2021-12-29 13:04:01'),
(920, 5, 4, '2021-12-29 13:04:01'),
(921, 9, 2, '2021-12-29 13:04:01'),
(922, 8, 4, '2021-12-29 13:04:01'),
(923, 1, 5, '2021-12-29 13:04:01'),
(924, 1, 3, '2021-12-29 13:04:01'),
(925, 9, 4, '2021-12-29 13:04:01'),
(926, 10, 3, '2021-12-29 13:04:01'),
(927, 1, 2, '2021-12-29 13:04:01'),
(928, 9, 1, '2021-12-29 13:04:01'),
(929, 8, 5, '2021-12-29 13:04:01'),
(930, 4, 1, '2021-12-29 13:04:01'),
(931, 5, 4, '2021-12-29 13:04:01'),
(932, 7, 1, '2021-12-29 13:04:01'),
(933, 10, 3, '2021-12-29 13:04:01'),
(934, 5, 1, '2021-12-29 13:04:01'),
(935, 9, 3, '2021-12-29 13:04:01'),
(936, 4, 4, '2021-12-29 13:04:01'),
(937, 9, 3, '2021-12-29 13:04:01'),
(938, 7, 3, '2021-12-29 13:04:01'),
(939, 7, 2, '2021-12-29 13:04:01'),
(940, 3, 2, '2021-12-29 13:04:01'),
(941, 5, 4, '2021-12-29 13:04:01'),
(942, 5, 1, '2021-12-29 13:04:01'),
(943, 4, 2, '2021-12-29 13:04:01'),
(944, 2, 4, '2021-12-29 13:04:01'),
(945, 9, 1, '2021-12-29 13:04:01'),
(946, 4, 3, '2021-12-29 13:04:01'),
(947, 9, 3, '2021-12-29 13:04:01'),
(948, 4, 3, '2021-12-29 13:04:01'),
(949, 3, 1, '2021-12-29 13:04:01'),
(950, 4, 3, '2021-12-29 13:04:01'),
(951, 3, 2, '2021-12-29 13:04:01'),
(952, 7, 5, '2021-12-29 13:04:01'),
(953, 5, 3, '2021-12-29 13:04:01'),
(954, 10, 1, '2021-12-29 13:04:01'),
(955, 10, 1, '2021-12-29 13:04:01'),
(956, 7, 2, '2021-12-29 13:04:01'),
(957, 7, 3, '2021-12-29 13:04:01'),
(958, 5, 2, '2021-12-29 13:04:01'),
(959, 2, 1, '2021-12-29 13:04:01'),
(960, 2, 1, '2021-12-29 13:04:01'),
(961, 1, 2, '2021-12-29 13:04:01'),
(962, 1, 3, '2021-12-29 13:04:01'),
(963, 1, 2, '2021-12-29 13:04:01'),
(964, 3, 2, '2021-12-29 13:04:01'),
(965, 9, 2, '2021-12-29 13:04:01'),
(966, 10, 4, '2021-12-29 13:04:01'),
(967, 3, 5, '2021-12-29 13:04:01'),
(968, 4, 5, '2021-12-29 13:04:01'),
(969, 2, 4, '2021-12-29 13:04:01'),
(970, 6, 5, '2021-12-29 13:04:01'),
(971, 10, 4, '2021-12-29 13:04:01'),
(972, 1, 3, '2021-12-29 13:04:01'),
(973, 1, 2, '2021-12-29 13:04:01'),
(974, 1, 3, '2021-12-29 13:04:01'),
(975, 10, 5, '2021-12-29 13:04:01'),
(976, 4, 5, '2021-12-29 13:04:01'),
(977, 10, 2, '2021-12-29 13:04:01'),
(978, 2, 2, '2021-12-29 13:04:01'),
(979, 8, 1, '2021-12-29 13:04:01'),
(980, 2, 2, '2021-12-29 13:04:01'),
(981, 7, 2, '2021-12-29 13:04:01'),
(982, 6, 2, '2021-12-29 13:04:01'),
(983, 6, 2, '2021-12-29 13:04:01'),
(984, 1, 1, '2021-12-29 13:04:01'),
(985, 8, 5, '2021-12-29 13:04:01'),
(986, 8, 1, '2021-12-29 13:04:01'),
(987, 4, 1, '2021-12-29 13:04:01'),
(988, 10, 5, '2021-12-29 13:04:01'),
(989, 10, 3, '2021-12-29 13:04:01'),
(990, 10, 5, '2021-12-29 13:04:01'),
(991, 3, 3, '2021-12-29 13:04:01'),
(992, 8, 4, '2021-12-29 13:04:01'),
(993, 6, 2, '2021-12-29 13:04:01'),
(994, 8, 5, '2021-12-29 13:04:01'),
(995, 7, 4, '2021-12-29 13:04:01'),
(996, 7, 4, '2021-12-29 13:04:01'),
(997, 9, 5, '2021-12-29 13:04:01'),
(998, 7, 2, '2021-12-29 13:04:01'),
(999, 6, 2, '2021-12-29 13:04:01'),
(1000, 8, 4, '2021-12-29 13:04:01'),
(1001, 2, 2, '2021-12-29 13:04:01'),
(1002, 2, 4, '2021-12-29 13:04:01'),
(1003, 3, 3, '2021-12-29 13:04:01'),
(1004, 10, 2, '2021-12-29 13:04:01'),
(1005, 8, 5, '2021-12-29 13:04:01'),
(1006, 1, 5, '2021-12-29 13:04:01'),
(1007, 3, 2, '2021-12-29 13:04:01'),
(1008, 4, 4, '2021-12-29 13:04:01'),
(1009, 2, 1, '2021-12-29 13:04:01'),
(1010, 3, 5, '2021-12-29 13:04:01'),
(1011, 3, 2, '2021-12-29 13:05:01'),
(1012, 3, 3, '2021-12-29 13:05:01'),
(1013, 7, 2, '2021-12-29 13:05:01'),
(1014, 8, 2, '2021-12-29 13:05:01'),
(1015, 8, 5, '2021-12-29 13:05:01'),
(1016, 1, 1, '2021-12-29 13:05:01'),
(1017, 3, 5, '2021-12-29 13:05:01'),
(1018, 8, 2, '2021-12-29 13:05:01'),
(1019, 4, 5, '2021-12-29 13:05:01'),
(1020, 9, 3, '2021-12-29 13:05:01'),
(1021, 5, 1, '2021-12-29 13:05:01'),
(1022, 8, 5, '2021-12-29 13:05:01'),
(1023, 6, 3, '2021-12-29 13:05:01'),
(1024, 5, 3, '2021-12-29 13:05:01'),
(1025, 1, 3, '2021-12-29 13:05:01'),
(1026, 3, 2, '2021-12-29 13:05:01'),
(1027, 3, 1, '2021-12-29 13:05:01'),
(1028, 10, 1, '2021-12-29 13:05:01'),
(1029, 5, 5, '2021-12-29 13:05:01'),
(1030, 6, 1, '2021-12-29 13:05:01'),
(1031, 4, 2, '2021-12-29 13:05:01'),
(1032, 3, 2, '2021-12-29 13:05:01'),
(1033, 8, 4, '2021-12-29 13:05:01'),
(1034, 7, 5, '2021-12-29 13:05:01'),
(1035, 6, 1, '2021-12-29 13:05:01'),
(1036, 3, 1, '2021-12-29 13:05:01'),
(1037, 3, 1, '2021-12-29 13:05:01'),
(1038, 6, 2, '2021-12-29 13:05:01'),
(1039, 5, 4, '2021-12-29 13:05:01'),
(1040, 7, 2, '2021-12-29 13:05:01'),
(1041, 8, 1, '2021-12-29 13:05:01'),
(1042, 3, 4, '2021-12-29 13:05:01'),
(1043, 2, 2, '2021-12-29 13:05:01'),
(1044, 9, 1, '2021-12-29 13:05:01'),
(1045, 8, 2, '2021-12-29 13:05:01'),
(1046, 4, 5, '2021-12-29 13:05:01'),
(1047, 6, 5, '2021-12-29 13:05:01'),
(1048, 4, 4, '2021-12-29 13:05:01'),
(1049, 9, 1, '2021-12-29 13:05:01'),
(1050, 3, 2, '2021-12-29 13:05:01'),
(1051, 2, 5, '2021-12-29 13:05:01'),
(1052, 4, 3, '2021-12-29 13:05:01'),
(1053, 4, 3, '2021-12-29 13:05:01'),
(1054, 5, 3, '2021-12-29 13:05:01'),
(1055, 3, 2, '2021-12-29 13:05:01'),
(1056, 7, 5, '2021-12-29 13:05:01'),
(1057, 2, 5, '2021-12-29 13:05:01'),
(1058, 1, 5, '2021-12-29 13:05:01'),
(1059, 7, 3, '2021-12-29 13:05:01'),
(1060, 2, 1, '2021-12-29 13:05:01'),
(1061, 2, 3, '2021-12-29 13:05:01'),
(1062, 3, 3, '2021-12-29 13:05:01'),
(1063, 1, 5, '2021-12-29 13:05:01'),
(1064, 2, 2, '2021-12-29 13:05:01'),
(1065, 7, 3, '2021-12-29 13:05:01'),
(1066, 4, 1, '2021-12-29 13:05:01'),
(1067, 1, 4, '2021-12-29 13:05:01'),
(1068, 8, 5, '2021-12-29 13:05:01'),
(1069, 10, 2, '2021-12-29 13:05:01'),
(1070, 9, 1, '2021-12-29 13:05:01'),
(1071, 6, 1, '2021-12-29 13:05:01'),
(1072, 5, 5, '2021-12-29 13:05:01'),
(1073, 9, 3, '2021-12-29 13:05:01'),
(1074, 3, 5, '2021-12-29 13:05:01'),
(1075, 2, 4, '2021-12-29 13:05:01'),
(1076, 10, 3, '2021-12-29 13:05:01'),
(1077, 10, 4, '2021-12-29 13:05:01'),
(1078, 1, 4, '2021-12-29 13:05:01'),
(1079, 9, 2, '2021-12-29 13:05:01'),
(1080, 6, 3, '2021-12-29 13:05:01'),
(1081, 2, 1, '2021-12-29 13:05:01'),
(1082, 8, 2, '2021-12-29 13:05:01'),
(1083, 4, 5, '2021-12-29 13:05:01'),
(1084, 9, 2, '2021-12-29 13:05:01'),
(1085, 6, 1, '2021-12-29 13:05:01'),
(1086, 4, 5, '2021-12-29 13:05:01'),
(1087, 2, 3, '2021-12-29 13:05:01'),
(1088, 5, 5, '2021-12-29 13:05:01'),
(1089, 6, 5, '2021-12-29 13:05:01'),
(1090, 2, 4, '2021-12-29 13:05:01'),
(1091, 5, 4, '2021-12-29 13:05:01'),
(1092, 1, 1, '2021-12-29 13:05:01'),
(1093, 5, 1, '2021-12-29 13:05:01'),
(1094, 5, 3, '2021-12-29 13:05:01'),
(1095, 1, 1, '2021-12-29 13:05:01'),
(1096, 7, 4, '2021-12-29 13:05:01'),
(1097, 4, 1, '2021-12-29 13:05:01'),
(1098, 4, 5, '2021-12-29 13:05:01'),
(1099, 7, 5, '2021-12-29 13:05:01'),
(1100, 10, 5, '2021-12-29 13:05:01'),
(1101, 6, 4, '2021-12-29 13:05:01'),
(1102, 2, 4, '2021-12-29 13:05:01'),
(1103, 1, 1, '2021-12-29 13:05:01'),
(1104, 10, 1, '2021-12-29 13:05:01'),
(1105, 6, 2, '2021-12-29 13:05:01'),
(1106, 8, 2, '2021-12-29 13:05:01'),
(1107, 10, 3, '2021-12-29 13:05:01'),
(1108, 9, 5, '2021-12-29 13:05:01'),
(1109, 9, 1, '2021-12-29 13:05:01'),
(1110, 4, 3, '2021-12-29 13:05:01'),
(1111, 8, 3, '2021-12-29 13:05:01');

-- --------------------------------------------------------

--
-- Tablo için tablo yapısı `film_watchers`
--

DROP TABLE IF EXISTS `film_watchers`;
CREATE TABLE IF NOT EXISTS `film_watchers` (
  `id` bigint(20) UNSIGNED NOT NULL AUTO_INCREMENT,
  `film_id` bigint(20) UNSIGNED NOT NULL,
  `watched_time` decimal(10,2) NOT NULL,
  PRIMARY KEY (`id`),
  KEY `film_id` (`film_id`)
) ENGINE=InnoDB AUTO_INCREMENT=809 DEFAULT CHARSET=utf8;

--
-- Tablo döküm verisi `film_watchers`
--

INSERT INTO `film_watchers` (`id`, `film_id`, `watched_time`) VALUES
(1, 6, '140.00'),
(2, 8, '151.00'),
(3, 1, '155.00'),
(4, 5, '68.00'),
(5, 1, '104.00'),
(6, 4, '163.00'),
(7, 6, '146.00'),
(8, 3, '95.00'),
(9, 6, '51.00'),
(10, 7, '192.00'),
(11, 9, '138.00'),
(12, 3, '123.00'),
(13, 3, '131.00'),
(14, 1, '54.00'),
(15, 6, '174.00'),
(16, 4, '148.00'),
(17, 4, '196.00'),
(18, 7, '147.00'),
(19, 5, '114.00'),
(20, 3, '174.00'),
(21, 4, '65.00'),
(22, 7, '161.00'),
(23, 7, '60.00'),
(24, 6, '89.00'),
(25, 4, '65.00'),
(26, 2, '81.00'),
(27, 10, '184.00'),
(28, 5, '169.00'),
(29, 2, '94.00'),
(30, 2, '140.00'),
(31, 7, '177.00'),
(32, 5, '104.00'),
(33, 2, '171.00'),
(34, 1, '115.00'),
(35, 6, '179.00'),
(36, 6, '116.00'),
(37, 6, '191.00'),
(38, 2, '111.00'),
(39, 5, '118.00'),
(40, 5, '108.00'),
(41, 2, '90.00'),
(42, 2, '83.00'),
(43, 4, '137.00'),
(44, 6, '175.00'),
(45, 9, '162.00'),
(46, 1, '152.00'),
(47, 8, '90.00'),
(48, 7, '72.00'),
(49, 9, '172.00'),
(50, 9, '144.00'),
(51, 2, '52.00'),
(52, 3, '167.00'),
(53, 3, '135.00'),
(54, 3, '81.00'),
(55, 5, '119.00'),
(56, 7, '84.00'),
(57, 7, '110.00'),
(58, 10, '103.00'),
(59, 7, '83.00'),
(60, 7, '128.00'),
(61, 4, '111.00'),
(62, 4, '157.00'),
(63, 6, '53.00'),
(64, 9, '72.00'),
(65, 8, '107.00'),
(66, 9, '177.00'),
(67, 1, '112.00'),
(68, 3, '148.00'),
(69, 2, '85.00'),
(70, 1, '96.00'),
(71, 6, '144.00'),
(72, 9, '145.00'),
(73, 5, '119.00'),
(74, 6, '196.00'),
(75, 10, '187.00'),
(76, 1, '58.00'),
(77, 2, '157.00'),
(78, 6, '149.00'),
(79, 9, '130.00'),
(80, 9, '89.00'),
(81, 1, '141.00'),
(82, 1, '107.00'),
(83, 2, '64.00'),
(84, 1, '151.00'),
(85, 2, '123.00'),
(86, 9, '167.00'),
(87, 1, '185.00'),
(88, 1, '60.00'),
(89, 5, '51.00'),
(90, 9, '160.00'),
(91, 6, '72.00'),
(92, 5, '123.00'),
(93, 2, '125.00'),
(94, 2, '81.00'),
(95, 2, '137.00'),
(96, 6, '134.00'),
(97, 10, '126.00'),
(98, 6, '129.00'),
(99, 7, '61.00'),
(100, 6, '183.00'),
(101, 2, '53.00'),
(102, 2, '66.00'),
(103, 5, '110.00'),
(104, 2, '111.00'),
(105, 3, '97.00'),
(106, 10, '186.00'),
(107, 6, '116.00'),
(108, 10, '76.00'),
(109, 10, '103.00'),
(110, 3, '185.00'),
(111, 10, '184.00'),
(112, 7, '151.00'),
(113, 6, '78.00'),
(114, 9, '197.00'),
(115, 6, '70.00'),
(116, 1, '128.00'),
(117, 8, '142.00'),
(118, 5, '82.00'),
(119, 1, '72.00'),
(120, 9, '135.00'),
(121, 10, '80.00'),
(122, 5, '117.00'),
(123, 5, '197.00'),
(124, 10, '81.00'),
(125, 2, '74.00'),
(126, 4, '199.00'),
(127, 5, '56.00'),
(128, 1, '192.00'),
(129, 7, '188.00'),
(130, 6, '167.00'),
(131, 8, '86.00'),
(132, 4, '125.00'),
(133, 3, '174.00'),
(134, 5, '157.00'),
(135, 7, '95.00'),
(136, 10, '197.00'),
(137, 9, '100.00'),
(138, 4, '87.00'),
(139, 10, '112.00'),
(140, 3, '126.00'),
(141, 8, '168.00'),
(142, 3, '79.00'),
(143, 2, '178.00'),
(144, 6, '174.00'),
(145, 2, '128.00'),
(146, 3, '148.00'),
(147, 4, '157.00'),
(148, 3, '193.00'),
(149, 3, '111.00'),
(150, 3, '57.00'),
(151, 3, '137.00'),
(152, 8, '94.00'),
(153, 10, '175.00'),
(154, 1, '82.00'),
(155, 5, '196.00'),
(156, 3, '115.00'),
(157, 1, '193.00'),
(158, 3, '170.00'),
(159, 6, '149.00'),
(160, 7, '108.00'),
(161, 6, '111.00'),
(162, 9, '142.00'),
(163, 10, '195.00'),
(164, 1, '101.00'),
(165, 10, '59.00'),
(166, 4, '186.00'),
(167, 3, '65.00'),
(168, 10, '135.00'),
(169, 8, '51.00'),
(170, 9, '152.00'),
(171, 10, '110.00'),
(172, 2, '145.00'),
(173, 10, '99.00'),
(174, 7, '111.00'),
(175, 9, '152.00'),
(176, 1, '51.00'),
(177, 5, '121.00'),
(178, 7, '138.00'),
(179, 4, '100.00'),
(180, 7, '88.00'),
(181, 6, '115.00'),
(182, 7, '77.00'),
(183, 7, '199.00'),
(184, 8, '80.00'),
(185, 4, '192.00'),
(186, 4, '68.00'),
(187, 1, '192.00'),
(188, 2, '160.00'),
(189, 10, '197.00'),
(190, 7, '158.00'),
(191, 9, '171.00'),
(192, 4, '62.00'),
(193, 3, '68.00'),
(194, 1, '160.00'),
(195, 7, '102.00'),
(196, 8, '178.00'),
(197, 8, '147.00'),
(198, 3, '197.00'),
(199, 3, '168.00'),
(200, 1, '121.00'),
(201, 4, '99.00'),
(202, 2, '178.00'),
(203, 10, '181.00'),
(204, 3, '190.00'),
(205, 3, '162.00'),
(206, 5, '197.00'),
(207, 6, '170.00'),
(208, 9, '184.00'),
(209, 9, '126.00'),
(210, 6, '90.00'),
(211, 5, '83.00'),
(212, 4, '57.00'),
(213, 6, '185.00'),
(214, 10, '82.00'),
(215, 8, '198.00'),
(216, 7, '100.00'),
(217, 9, '154.00'),
(218, 5, '155.00'),
(219, 3, '58.00'),
(220, 4, '67.00'),
(221, 9, '152.00'),
(222, 6, '100.00'),
(223, 2, '136.00'),
(224, 9, '75.00'),
(225, 3, '133.00'),
(226, 6, '93.00'),
(227, 4, '127.00'),
(228, 4, '75.00'),
(229, 1, '159.00'),
(230, 10, '172.00'),
(231, 7, '189.00'),
(232, 7, '161.00'),
(233, 10, '184.00'),
(234, 4, '197.00'),
(235, 2, '54.00'),
(236, 5, '117.00'),
(237, 8, '152.00'),
(238, 7, '70.00'),
(239, 9, '183.00'),
(240, 5, '192.00'),
(241, 9, '60.00'),
(242, 10, '86.00'),
(243, 8, '93.00'),
(244, 8, '115.00'),
(245, 9, '155.00'),
(246, 7, '149.00'),
(247, 7, '186.00'),
(248, 8, '151.00'),
(249, 8, '81.00'),
(250, 4, '85.00'),
(251, 4, '111.00'),
(252, 5, '197.00'),
(253, 8, '83.00'),
(254, 5, '136.00'),
(255, 10, '167.00'),
(256, 1, '118.00'),
(257, 5, '133.00'),
(258, 5, '129.00'),
(259, 8, '120.00'),
(260, 1, '200.00'),
(261, 6, '197.00'),
(262, 8, '76.00'),
(263, 8, '148.00'),
(264, 6, '185.00'),
(265, 3, '183.00'),
(266, 4, '181.00'),
(267, 3, '58.00'),
(268, 8, '174.00'),
(269, 2, '127.00'),
(270, 6, '62.00'),
(271, 9, '72.00'),
(272, 2, '187.00'),
(273, 1, '105.00'),
(274, 6, '141.00'),
(275, 8, '81.00'),
(276, 1, '200.00'),
(277, 6, '199.00'),
(278, 1, '105.00'),
(279, 7, '66.00'),
(280, 1, '62.00'),
(281, 10, '60.00'),
(282, 9, '92.00'),
(283, 10, '83.00'),
(284, 5, '73.00'),
(285, 10, '90.00'),
(286, 4, '154.00'),
(287, 7, '175.00'),
(288, 2, '168.00'),
(289, 8, '100.00'),
(290, 10, '50.00'),
(291, 9, '193.00'),
(292, 9, '158.00'),
(293, 3, '181.00'),
(294, 1, '182.00'),
(295, 3, '132.00'),
(296, 4, '165.00'),
(297, 5, '106.00'),
(298, 10, '177.00'),
(299, 1, '112.00'),
(300, 4, '128.00'),
(301, 7, '130.00'),
(302, 10, '52.00'),
(303, 9, '149.00'),
(304, 6, '126.00'),
(305, 4, '56.00'),
(306, 9, '86.00'),
(307, 10, '84.00'),
(308, 8, '148.00'),
(309, 7, '171.00'),
(310, 2, '132.00'),
(311, 10, '101.00'),
(312, 1, '197.00'),
(313, 6, '105.00'),
(314, 2, '53.00'),
(315, 4, '77.00'),
(316, 3, '187.00'),
(317, 5, '102.00'),
(318, 2, '80.00'),
(319, 2, '76.00'),
(320, 8, '120.00'),
(321, 6, '60.00'),
(322, 6, '158.00'),
(323, 4, '152.00'),
(324, 1, '121.00'),
(325, 6, '71.00'),
(326, 9, '143.00'),
(327, 4, '72.00'),
(328, 6, '114.00'),
(329, 10, '85.00'),
(330, 1, '164.00'),
(331, 7, '109.00'),
(332, 7, '59.00'),
(333, 9, '198.00'),
(334, 6, '104.00'),
(335, 5, '61.00'),
(336, 3, '107.00'),
(337, 10, '190.00'),
(338, 8, '181.00'),
(339, 2, '187.00'),
(340, 6, '64.00'),
(341, 8, '118.00'),
(342, 10, '107.00'),
(343, 9, '155.00'),
(344, 7, '139.00'),
(345, 6, '188.00'),
(346, 9, '120.00'),
(347, 7, '69.00'),
(348, 6, '140.00'),
(349, 9, '146.00'),
(350, 7, '100.00'),
(351, 5, '135.00'),
(352, 2, '152.00'),
(353, 6, '169.00'),
(354, 8, '189.00'),
(355, 2, '123.00'),
(356, 5, '87.00'),
(357, 9, '111.00'),
(358, 9, '57.00'),
(359, 3, '109.00'),
(360, 5, '187.00'),
(361, 1, '164.00'),
(362, 8, '194.00'),
(363, 6, '92.00'),
(364, 4, '149.00'),
(365, 8, '56.00'),
(366, 2, '163.00'),
(367, 10, '182.00'),
(368, 10, '140.00'),
(369, 9, '193.00'),
(370, 9, '161.00'),
(371, 8, '64.00'),
(372, 3, '190.00'),
(373, 9, '112.00'),
(374, 8, '83.00'),
(375, 9, '180.00'),
(376, 3, '164.00'),
(377, 2, '86.00'),
(378, 10, '159.00'),
(379, 2, '104.00'),
(380, 7, '184.00'),
(381, 4, '79.00'),
(382, 4, '187.00'),
(383, 7, '100.00'),
(384, 3, '119.00'),
(385, 3, '160.00'),
(386, 7, '150.00'),
(387, 9, '94.00'),
(388, 8, '118.00'),
(389, 1, '187.00'),
(390, 9, '176.00'),
(391, 10, '77.00'),
(392, 9, '54.00'),
(393, 8, '199.00'),
(394, 6, '185.00'),
(395, 2, '56.00'),
(396, 2, '119.00'),
(397, 2, '169.00'),
(398, 5, '191.00'),
(399, 10, '143.00'),
(400, 8, '150.00'),
(401, 10, '183.00'),
(402, 10, '53.00'),
(403, 1, '54.00'),
(404, 6, '158.00'),
(405, 7, '146.00'),
(406, 1, '193.00'),
(407, 9, '179.00'),
(408, 5, '70.00'),
(409, 1, '59.00'),
(410, 5, '170.00'),
(411, 6, '200.00'),
(412, 3, '139.00'),
(413, 9, '76.00'),
(414, 5, '71.00'),
(415, 2, '193.00'),
(416, 10, '188.00'),
(417, 8, '53.00'),
(418, 3, '110.00'),
(419, 6, '50.00'),
(420, 9, '190.00'),
(421, 7, '93.00'),
(422, 9, '108.00'),
(423, 5, '75.00'),
(424, 8, '173.00'),
(425, 2, '177.00'),
(426, 3, '138.00'),
(427, 1, '146.00'),
(428, 8, '95.00'),
(429, 5, '59.00'),
(430, 4, '174.00'),
(431, 7, '84.00'),
(432, 1, '180.00'),
(433, 9, '77.00'),
(434, 7, '146.00'),
(435, 1, '125.00'),
(436, 6, '57.00'),
(437, 1, '91.00'),
(438, 9, '95.00'),
(439, 9, '108.00'),
(440, 10, '75.00'),
(441, 3, '56.00'),
(442, 5, '156.00'),
(443, 1, '165.00'),
(444, 5, '139.00'),
(445, 6, '196.00'),
(446, 2, '87.00'),
(447, 7, '57.00'),
(448, 2, '103.00'),
(449, 6, '93.00'),
(450, 1, '75.00'),
(451, 9, '79.00'),
(452, 1, '116.00'),
(453, 1, '146.00'),
(454, 2, '198.00'),
(455, 10, '188.00'),
(456, 10, '80.00'),
(457, 4, '198.00'),
(458, 9, '157.00'),
(459, 5, '69.00'),
(460, 10, '152.00'),
(461, 3, '68.00'),
(462, 3, '133.00'),
(463, 5, '132.00'),
(464, 9, '176.00'),
(465, 3, '61.00'),
(466, 9, '196.00'),
(467, 9, '194.00'),
(468, 3, '136.00'),
(469, 7, '66.00'),
(470, 1, '137.00'),
(471, 8, '83.00'),
(472, 5, '105.00'),
(473, 9, '50.00'),
(474, 2, '73.00'),
(475, 7, '150.00'),
(476, 8, '103.00'),
(477, 2, '123.00'),
(478, 10, '61.00'),
(479, 5, '116.00'),
(480, 10, '191.00'),
(481, 10, '126.00'),
(482, 10, '67.00'),
(483, 5, '126.00'),
(484, 8, '101.00'),
(485, 10, '54.00'),
(486, 2, '169.00'),
(487, 6, '176.00'),
(488, 7, '146.00'),
(489, 7, '183.00'),
(490, 2, '65.00'),
(491, 8, '170.00'),
(492, 6, '189.00'),
(493, 10, '186.00'),
(494, 8, '134.00'),
(495, 9, '118.00'),
(496, 6, '143.00'),
(497, 10, '198.00'),
(498, 8, '112.00'),
(499, 5, '75.00'),
(500, 9, '156.00'),
(501, 6, '53.00'),
(502, 4, '54.00'),
(503, 6, '165.00'),
(504, 8, '134.00'),
(505, 7, '200.00'),
(506, 4, '128.00'),
(507, 10, '139.00'),
(508, 1, '80.00'),
(509, 5, '86.00'),
(510, 4, '68.00'),
(511, 6, '151.00'),
(512, 4, '80.00'),
(513, 4, '102.00'),
(514, 8, '62.00'),
(515, 4, '120.00'),
(516, 4, '50.00'),
(517, 6, '136.00'),
(518, 4, '170.00'),
(519, 10, '131.00'),
(520, 8, '73.00'),
(521, 8, '113.00'),
(522, 5, '165.00'),
(523, 7, '162.00'),
(524, 10, '113.00'),
(525, 7, '132.00'),
(526, 5, '177.00'),
(527, 9, '190.00'),
(528, 5, '135.00'),
(529, 7, '74.00'),
(530, 7, '180.00'),
(531, 1, '183.00'),
(532, 6, '98.00'),
(533, 3, '104.00'),
(534, 8, '136.00'),
(535, 5, '80.00'),
(536, 5, '95.00'),
(537, 9, '105.00'),
(538, 8, '133.00'),
(539, 2, '194.00'),
(540, 5, '147.00'),
(541, 6, '174.00'),
(542, 2, '61.00'),
(543, 10, '127.00'),
(544, 5, '128.00'),
(545, 9, '125.00'),
(546, 5, '164.00'),
(547, 5, '127.00'),
(548, 10, '116.00'),
(549, 3, '79.00'),
(550, 8, '114.00'),
(551, 9, '189.00'),
(552, 1, '145.00'),
(553, 9, '143.00'),
(554, 10, '118.00'),
(555, 1, '64.00'),
(556, 9, '139.00'),
(557, 2, '69.00'),
(558, 6, '145.00'),
(559, 7, '70.00'),
(560, 1, '91.00'),
(561, 10, '73.00'),
(562, 1, '171.00'),
(563, 6, '164.00'),
(564, 1, '197.00'),
(565, 6, '180.00'),
(566, 4, '53.00'),
(567, 6, '197.00'),
(568, 7, '66.00'),
(569, 4, '154.00'),
(570, 2, '147.00'),
(571, 10, '121.00'),
(572, 4, '62.00'),
(573, 1, '92.00'),
(574, 2, '129.00'),
(575, 2, '150.00'),
(576, 3, '172.00'),
(577, 6, '181.00'),
(578, 3, '156.00'),
(579, 7, '76.00'),
(580, 6, '106.00'),
(581, 5, '187.00'),
(582, 8, '173.00'),
(583, 7, '86.00'),
(584, 1, '75.00'),
(585, 9, '94.00'),
(586, 1, '137.00'),
(587, 9, '181.00'),
(588, 1, '92.00'),
(589, 10, '193.00'),
(590, 6, '87.00'),
(591, 4, '167.00'),
(592, 10, '153.00'),
(593, 5, '149.00'),
(594, 9, '125.00'),
(595, 10, '70.00'),
(596, 4, '80.00'),
(597, 2, '166.00'),
(598, 4, '119.00'),
(599, 8, '149.00'),
(600, 6, '175.00'),
(601, 9, '158.00'),
(602, 7, '75.00'),
(603, 9, '52.00'),
(604, 7, '178.00'),
(605, 9, '154.00'),
(606, 3, '129.00'),
(607, 10, '171.00'),
(608, 1, '200.00'),
(609, 10, '112.00'),
(610, 3, '122.00'),
(611, 9, '74.00'),
(612, 3, '178.00'),
(613, 2, '179.00'),
(614, 2, '111.00'),
(615, 5, '74.00'),
(616, 7, '67.00'),
(617, 3, '69.00'),
(618, 10, '153.00'),
(619, 5, '102.00'),
(620, 8, '149.00'),
(621, 7, '181.00'),
(622, 5, '197.00'),
(623, 3, '157.00'),
(624, 10, '114.00'),
(625, 6, '69.00'),
(626, 10, '186.00'),
(627, 1, '51.00'),
(628, 2, '76.00'),
(629, 4, '115.00'),
(630, 2, '69.00'),
(631, 2, '191.00'),
(632, 7, '78.00'),
(633, 3, '92.00'),
(634, 10, '100.00'),
(635, 9, '112.00'),
(636, 4, '175.00'),
(637, 5, '183.00'),
(638, 2, '195.00'),
(639, 6, '149.00'),
(640, 10, '75.00'),
(641, 6, '93.00'),
(642, 7, '103.00'),
(643, 1, '173.00'),
(644, 3, '50.00'),
(645, 6, '128.00'),
(646, 3, '103.00'),
(647, 8, '200.00'),
(648, 8, '176.00'),
(649, 4, '189.00'),
(650, 7, '95.00'),
(651, 2, '85.00'),
(652, 6, '125.00'),
(653, 6, '86.00'),
(654, 9, '116.00'),
(655, 7, '161.00'),
(656, 5, '151.00'),
(657, 6, '149.00'),
(658, 8, '164.00'),
(659, 6, '195.00'),
(660, 1, '94.00'),
(661, 7, '146.00'),
(662, 3, '59.00'),
(663, 5, '174.00'),
(664, 10, '144.00'),
(665, 3, '78.00'),
(666, 4, '140.00'),
(667, 4, '189.00'),
(668, 9, '141.00'),
(669, 8, '81.00'),
(670, 8, '184.00'),
(671, 2, '122.00'),
(672, 2, '194.00'),
(673, 8, '154.00'),
(674, 2, '92.00'),
(675, 9, '191.00'),
(676, 3, '173.00'),
(677, 8, '142.00'),
(678, 7, '153.00'),
(679, 4, '84.00'),
(680, 1, '77.00'),
(681, 2, '61.00'),
(682, 5, '69.00'),
(683, 2, '98.00'),
(684, 2, '162.00'),
(685, 7, '94.00'),
(686, 1, '195.00'),
(687, 8, '126.00'),
(688, 6, '92.00'),
(689, 3, '193.00'),
(690, 4, '65.00'),
(691, 2, '61.00'),
(692, 9, '196.00'),
(693, 8, '102.00'),
(694, 8, '163.00'),
(695, 3, '152.00'),
(696, 9, '115.00'),
(697, 4, '76.00'),
(698, 6, '150.00'),
(699, 1, '55.00'),
(700, 10, '171.00'),
(701, 3, '116.00'),
(702, 10, '109.00'),
(703, 4, '178.00'),
(704, 5, '90.00'),
(705, 3, '58.00'),
(706, 6, '59.00'),
(707, 1, '158.00'),
(708, 3, '176.00'),
(709, 6, '64.00'),
(710, 4, '57.00'),
(711, 9, '75.00'),
(712, 6, '113.00'),
(713, 7, '153.00'),
(714, 7, '129.00'),
(715, 3, '125.00'),
(716, 9, '140.00'),
(717, 9, '172.00'),
(718, 8, '122.00'),
(719, 1, '169.00'),
(720, 3, '62.00'),
(721, 9, '78.00'),
(722, 3, '54.00'),
(723, 2, '51.00'),
(724, 5, '146.00'),
(725, 4, '53.00'),
(726, 7, '158.00'),
(727, 6, '127.00'),
(728, 2, '149.00'),
(729, 9, '197.00'),
(730, 3, '180.00'),
(731, 8, '176.00'),
(732, 2, '74.00'),
(733, 1, '94.00'),
(734, 1, '116.00'),
(735, 2, '158.00'),
(736, 4, '127.00'),
(737, 5, '54.00'),
(738, 1, '96.00'),
(739, 10, '98.00'),
(740, 6, '122.00'),
(741, 10, '63.00'),
(742, 2, '144.00'),
(743, 9, '164.00'),
(744, 6, '100.00'),
(745, 1, '161.00'),
(746, 10, '128.00'),
(747, 8, '173.00'),
(748, 3, '163.00'),
(749, 1, '67.00'),
(750, 3, '88.00'),
(751, 9, '123.00'),
(752, 5, '155.00'),
(753, 5, '149.00'),
(754, 1, '91.00'),
(755, 1, '180.00'),
(756, 2, '111.00'),
(757, 9, '137.00'),
(758, 8, '180.00'),
(759, 2, '69.00'),
(760, 8, '195.00'),
(761, 4, '73.00'),
(762, 8, '154.00'),
(763, 3, '103.00'),
(764, 10, '102.00'),
(765, 6, '186.00'),
(766, 1, '139.00'),
(767, 4, '66.00'),
(768, 7, '159.00'),
(769, 10, '180.00'),
(770, 1, '115.00'),
(771, 9, '168.00'),
(772, 2, '74.00'),
(773, 10, '150.00'),
(774, 6, '155.00'),
(775, 6, '174.00'),
(776, 4, '167.00'),
(777, 2, '149.00'),
(778, 5, '70.00'),
(779, 8, '146.00'),
(780, 9, '64.00'),
(781, 9, '165.00'),
(782, 4, '153.00'),
(783, 2, '188.00'),
(784, 9, '171.00'),
(785, 4, '69.00'),
(786, 2, '144.00'),
(787, 5, '135.00'),
(788, 5, '125.00'),
(789, 6, '69.00'),
(790, 3, '137.00'),
(791, 7, '89.00'),
(792, 3, '151.00'),
(793, 1, '174.00'),
(794, 2, '55.00'),
(795, 8, '144.00'),
(796, 5, '123.00'),
(797, 1, '132.00'),
(798, 1, '131.00'),
(799, 1, '76.00'),
(800, 3, '135.00'),
(801, 10, '153.00'),
(802, 1, '98.00'),
(803, 5, '185.00'),
(804, 7, '165.00'),
(805, 5, '186.00'),
(806, 8, '138.00'),
(807, 4, '109.00'),
(808, 7, '91.00');

-- --------------------------------------------------------

--
-- Tablo için tablo yapısı `media`
--

DROP TABLE IF EXISTS `media`;
CREATE TABLE IF NOT EXISTS `media` (
  `id` bigint(20) UNSIGNED NOT NULL AUTO_INCREMENT,
  `filename` varchar(50) NOT NULL,
  `created_at` datetime NOT NULL DEFAULT CURRENT_TIMESTAMP,
  `updated_at` datetime NOT NULL DEFAULT CURRENT_TIMESTAMP ON UPDATE CURRENT_TIMESTAMP,
  PRIMARY KEY (`id`),
  UNIQUE KEY `filename` (`filename`)
) ENGINE=InnoDB AUTO_INCREMENT=62 DEFAULT CHARSET=utf8;

--
-- Tablo döküm verisi `media`
--

INSERT INTO `media` (`id`, `filename`, `created_at`, `updated_at`) VALUES
(1, 'arog.jpg', '2021-12-27 10:52:07', '2021-12-27 10:52:07'),
(2, 'beetlejuice.jpg', '2021-12-27 10:52:07', '2021-12-27 10:52:07'),
(3, 'bilek-kesenler.jpg', '2021-12-27 10:52:07', '2021-12-27 10:52:07'),
(4, 'gora.jpg', '2021-12-27 10:52:07', '2021-12-27 10:52:07'),
(5, 'ilkbahar-yaz-sonbahar-kis-ve-ilkbahar.jpg', '2021-12-27 10:52:07', '2021-12-27 10:52:07'),
(6, 'otomatik-portakal.jpg', '2021-12-27 10:52:07', '2021-12-27 10:52:07'),
(7, 'pan-in-labirenti.jpg', '2021-12-27 10:52:07', '2021-12-27 10:52:07'),
(8, 'siradan-gokyuzu.jpg', '2021-12-27 10:52:07', '2021-12-27 10:52:07'),
(9, 'yahsi-bati.jpg', '2021-12-27 10:52:07', '2021-12-27 10:52:07'),
(10, 'yedinci-muhur.jpg', '2021-12-27 10:52:07', '2021-12-27 10:52:07'),
(11, 'arog-1.jpg', '2021-12-29 11:40:45', '2021-12-29 11:40:45'),
(12, 'arog-2.jpg', '2021-12-29 11:40:45', '2021-12-29 11:40:45'),
(13, 'beetlejuice-1.jpg', '2021-12-29 11:40:45', '2021-12-29 11:40:45'),
(14, 'beetlejuice-2.jpg', '2021-12-29 11:40:45', '2021-12-29 11:40:45'),
(15, 'beetlejuice-3.jpg', '2021-12-29 11:40:45', '2021-12-29 11:40:45'),
(16, 'bilek-kesenler-1.jpg', '2021-12-29 11:40:45', '2021-12-29 11:40:45'),
(17, 'bilek-kesenler-2.jpg', '2021-12-29 11:40:45', '2021-12-29 11:40:45'),
(18, 'bilek-kesenler-3.jpg', '2021-12-29 11:40:45', '2021-12-29 11:40:45'),
(19, 'gora-1.jpg', '2021-12-29 11:40:45', '2021-12-29 11:40:45'),
(20, 'gora-2.jpg', '2021-12-29 11:40:45', '2021-12-29 11:40:45'),
(21, 'otomatik-portakal-1.jpg', '2021-12-29 11:40:45', '2021-12-29 11:40:45'),
(22, 'otomatik-portakal-2.jpg', '2021-12-29 11:40:45', '2021-12-29 11:40:45'),
(23, 'otomatik-portakal-3.jpg', '2021-12-29 11:40:45', '2021-12-29 11:40:45'),
(24, 'pan-in-labirenti-1.jpg', '2021-12-29 11:40:45', '2021-12-29 11:40:45'),
(25, 'pan-in-labirenti-2.jpg', '2021-12-29 11:40:45', '2021-12-29 11:40:45'),
(26, 'pan-in-labirenti-3.jpg', '2021-12-29 11:40:45', '2021-12-29 11:40:45'),
(27, 'siradan-gokyuzu-1.jpg', '2021-12-29 11:40:45', '2021-12-29 11:40:45'),
(28, 'siradan-gokyuzu-2.jpg', '2021-12-29 11:40:45', '2021-12-29 11:40:45'),
(29, 'siradan-gokyuzu-3.jpg', '2021-12-29 11:40:45', '2021-12-29 11:40:45'),
(30, 'yahsi-bati-1.jpg', '2021-12-29 11:40:45', '2021-12-29 11:40:45'),
(31, 'yahsi-bati-2.jpg', '2021-12-29 11:40:45', '2021-12-29 11:40:45'),
(32, 'yedinci-muhur-1.jpg', '2021-12-29 11:40:45', '2021-12-29 11:40:45'),
(33, 'yedinci-muhur-2.jpg', '2021-12-29 11:40:45', '2021-12-29 11:40:45'),
(34, 'yedinci-muhur-3.jpg', '2021-12-29 11:40:45', '2021-12-29 11:40:45'),
(45, 'ilkbahar-yaz-sonbahar-kis-ve-ilkbahar-1.jpg', '2021-12-29 11:42:47', '2021-12-29 11:42:47'),
(46, 'ilkbahar-yaz-sonbahar-kis-ve-ilkbahar-2.jpg', '2021-12-29 11:42:47', '2021-12-29 11:42:47'),
(47, 'ilkbahar-yaz-sonbahar-kis-ve-ilkbahar-3.jpg', '2021-12-29 11:42:47', '2021-12-29 11:42:47');

--
-- Dökümü yapılmış tablolar için kısıtlamalar
--

--
-- Tablo kısıtlamaları `films`
--
ALTER TABLE `films`
  ADD CONSTRAINT `films_ibfk_1` FOREIGN KEY (`cover_media_id`) REFERENCES `media` (`id`) ON DELETE CASCADE,
  ADD CONSTRAINT `films_ibfk_2` FOREIGN KEY (`poster_media_id`) REFERENCES `media` (`id`) ON DELETE CASCADE;

--
-- Tablo kısıtlamaları `film_categories`
--
ALTER TABLE `film_categories`
  ADD CONSTRAINT `film_categories_ibfk_1` FOREIGN KEY (`category_id`) REFERENCES `categories` (`id`) ON DELETE CASCADE,
  ADD CONSTRAINT `film_categories_ibfk_2` FOREIGN KEY (`film_id`) REFERENCES `films` (`id`) ON DELETE CASCADE;

--
-- Tablo kısıtlamaları `film_media`
--
ALTER TABLE `film_media`
  ADD CONSTRAINT `film_media_ibfk_1` FOREIGN KEY (`film_id`) REFERENCES `films` (`id`) ON DELETE CASCADE,
  ADD CONSTRAINT `film_media_ibfk_2` FOREIGN KEY (`media_id`) REFERENCES `media` (`id`) ON DELETE CASCADE;

--
-- Tablo kısıtlamaları `film_ratings`
--
ALTER TABLE `film_ratings`
  ADD CONSTRAINT `film_ratings_ibfk_1` FOREIGN KEY (`film_id`) REFERENCES `films` (`id`) ON DELETE CASCADE;

--
-- Tablo kısıtlamaları `film_watchers`
--
ALTER TABLE `film_watchers`
  ADD CONSTRAINT `film_watchers_ibfk_1` FOREIGN KEY (`film_id`) REFERENCES `films` (`id`) ON DELETE CASCADE;
COMMIT;

/*!40101 SET CHARACTER_SET_CLIENT=@OLD_CHARACTER_SET_CLIENT */;
/*!40101 SET CHARACTER_SET_RESULTS=@OLD_CHARACTER_SET_RESULTS */;
/*!40101 SET COLLATION_CONNECTION=@OLD_COLLATION_CONNECTION */;
